chembl_id,MaxEStateIndex,MinEStateIndex,MaxAbsEStateIndex,MinAbsEStateIndex,qed,MolWt,HeavyAtomMolWt,ExactMolWt,NumValenceElectrons,NumRadicalElectrons,MaxPartialCharge,MinPartialCharge,MaxAbsPartialCharge,MinAbsPartialCharge,FpDensityMorgan1,FpDensityMorgan2,FpDensityMorgan3,BalabanJ,BertzCT,Chi0,Chi0n,Chi0v,Chi1,Chi1n,Chi1v,Chi2n,Chi2v,Chi3n,Chi3v,Chi4n,Chi4v,HallKierAlpha,Ipc,Kappa1,Kappa2,Kappa3,LabuteASA,PEOE_VSA1,PEOE_VSA10,PEOE_VSA11,PEOE_VSA12,PEOE_VSA13,PEOE_VSA14,PEOE_VSA2,PEOE_VSA3,PEOE_VSA4,PEOE_VSA5,PEOE_VSA6,PEOE_VSA7,PEOE_VSA8,PEOE_VSA9,SMR_VSA1,SMR_VSA10,SMR_VSA2,SMR_VSA3,SMR_VSA4,SMR_VSA5,SMR_VSA6,SMR_VSA7,SMR_VSA8,SMR_VSA9,SlogP_VSA1,SlogP_VSA10,SlogP_VSA11,SlogP_VSA12,SlogP_VSA2,SlogP_VSA3,SlogP_VSA4,SlogP_VSA5,SlogP_VSA6,SlogP_VSA7,SlogP_VSA8,SlogP_VSA9,TPSA,EState_VSA1,EState_VSA10,EState_VSA11,EState_VSA2,EState_VSA3,EState_VSA4,EState_VSA5,EState_VSA6,EState_VSA7,EState_VSA8,EState_VSA9,VSA_EState1,VSA_EState10,VSA_EState2,VSA_EState3,VSA_EState4,VSA_EState5,VSA_EState6,VSA_EState7,VSA_EState8,VSA_EState9,FractionCSP3,HeavyAtomCount,NHOHCount,NOCount,NumAliphaticCarbocycles,NumAliphaticHeterocycles,NumAliphaticRings,NumAromaticCarbocycles,NumAromaticHeterocycles,NumAromaticRings,NumHAcceptors,NumHDonors,NumHeteroatoms,NumRotatableBonds,NumSaturatedCarbocycles,NumSaturatedHeterocycles,NumSaturatedRings,RingCount,MolLogP,MolMR,fr_Al_COO,fr_Al_OH,fr_Al_OH_noTert,fr_ArN,fr_Ar_COO,fr_Ar_N,fr_Ar_NH,fr_Ar_OH,fr_COO,fr_COO2,fr_C_O,fr_C_O_noCOO,fr_C_S,fr_HOCCN,fr_Imine,fr_NH0,fr_NH1,fr_NH2,fr_N_O,fr_Ndealkylation1,fr_Ndealkylation2,fr_Nhpyrrole,fr_SH,fr_aldehyde,fr_alkyl_carbamate,fr_alkyl_halide,fr_allylic_oxid,fr_amide,fr_amidine,fr_aniline,fr_aryl_methyl,fr_azide,fr_azo,fr_barbitur,fr_benzene,fr_benzodiazepine,fr_bicyclic,fr_diazo,fr_dihydropyridine,fr_epoxide,fr_ester,fr_ether,fr_furan,fr_guanido,fr_halogen,fr_hdrzine,fr_hdrzone,fr_imidazole,fr_imide,fr_isocyan,fr_isothiocyan,fr_ketone,fr_ketone_Topliss,fr_lactam,fr_lactone,fr_methoxy,fr_morpholine,fr_nitrile,fr_nitro,fr_nitro_arom,fr_nitro_arom_nonortho,fr_nitroso,fr_oxazole,fr_oxime,fr_para_hydroxylation,fr_phenol,fr_phenol_noOrthoHbond,fr_phos_acid,fr_phos_ester,fr_piperdine,fr_piperzine,fr_priamide,fr_prisulfonamd,fr_pyridine,fr_quatN,fr_sulfide,fr_sulfonamd,fr_sulfone,fr_term_acetylene,fr_tetrazole,fr_thiazole,fr_thiocyan,fr_thiophene,fr_unbrch_alkane,fr_urea
CHEMBL84822,12.655993087049636,-3.3112261140616233,12.655993087049636,0.0786062076218097,0.26267986840682794,429.41000000000014,401.18600000000015,429.16648686599996,162.0,0.0,0.31684157818667513,-0.3420128426214346,0.3420128426214346,0.31684157818667513,1.2413793103448276,1.8620689655172413,2.3448275862068964,2.8730885410089577,724.6698518264582,21.974327015758654,16.713795942856667,17.713795942856667,13.633136710733776,9.388505608281058,10.652215784708742,6.998587001871417,7.76610430060371,4.041122675140536,4.5272747722088456,2.618192776301121,3.086476125126139,-2.2899999999999996,1248496.8326240876,24.747439161362784,12.310278182919895,9.165695190280632,169.67227710061456,15.526988810765136,12.145807216896262,0.0,11.814359458703011,5.687386274683562,8.254871228598537,28.79218808355236,0.0,0.0,0.0,33.61285484492389,30.89228342893663,17.820120411606784,4.923311048817671,28.494592466356934,31.44400323666867,0.0,5.316788604006331,5.917906046161393,58.60030530767216,5.316788604006331,34.37978654261202,0.0,0.0,10.633577208012662,11.374772549367124,0.0,8.254871228598537,33.77688932716942,18.67786981478679,16.032224314926967,46.4544980907759,24.26546827384644,0.0,0.0,0.0,147.87,37.13834895301549,24.268440921840543,0.0,18.026113943770966,18.52902952053558,6.4208216229260096,24.26546827384644,0.0,20.771211599071872,10.633577208012662,9.417158764464293,15.8950009567635,0.0,44.39344071892994,15.935678065920932,0.24349415840821886,-1.0444071001015445,4.425887636760651,0.8723091680853714,5.682415101887154,-3.3112261140616233,0.5555555555555556,29.0,3.0,10.0,0.0,0.0,0.0,1.0,0.0,1.0,6.0,3.0,11.0,12.0,0.0,0.0,0.0,1.0,3.021600000000001,108.73010000000005,0.0,0.0,0.0,0.0,0.0,0.0,0.0,0.0,0.0,0.0,2.0,2.0,0.0,0.0,0.0,1.0,2.0,0.0,0.0,0.0,0.0,0.0,0.0,0.0,0.0,0.0,0.0,2.0,0.0,1.0,0.0,0.0,0.0,0.0,1.0,0.0,0.0,0.0,0.0,0.0,0.0,0.0,0.0,0.0,0.0,0.0,0.0,0.0,0.0,0.0,0.0,0.0,0.0,0.0,0.0,0.0,0.0,0.0,1.0,1.0,1.0,0.0,0.0,0.0,0.0,0.0,0.0,0.0,0.0,0.0,0.0,0.0,0.0,0.0,0.0,0.0,0.0,0.0,0.0,0.0,0.0,0.0,0.0,0.0,0.0
CHEMBL282858,13.832146216511296,-4.482715128202593,13.832146216511296,0.03145742787855865,0.4443029516551591,342.29200000000003,328.18000000000006,342.099140568,128.0,0.0,0.4159203132752105,-0.2979064466479194,0.4159203132752105,0.2979064466479194,1.125,1.8333333333333333,2.4583333333333335,2.20284799970016,719.218752868866,17.742276208189782,12.27057898189391,12.27057898189391,11.32471706833538,6.905509548206895,6.905509548206895,5.00961747392444,5.00961747392444,3.353228167702912,3.353228167702912,2.1951783805094798,2.1951783805094798,-2.4499999999999993,184648.9781655193,17.896900949356198,7.413159832091007,4.300724410682122,134.6199261137862,0.0,11.859061670193856,0.0,0.0,5.907179729351506,6.176298517443475,15.318578812855442,9.870511645796022,13.171245143024459,0.0,36.39820241076966,17.696185628620217,12.10820789760957,5.563451491696996,27.563450399548394,5.907179729351506,0.0,10.796885202127534,0.0,18.76289575250401,0.0,71.03851186382977,0.0,0.0,10.796885202127534,17.56166019069928,0.0,0.0,11.114432754128796,17.51559210742787,5.817220841045895,22.732195304238946,48.53093654769288,0.0,0.0,0.0,61.36,29.50599140868583,22.3561973747711,0.0,17.671659389306566,0.0,18.19910120538483,35.811931940429254,0.0,0.0,5.316788604006331,5.20725302477729,51.93290192865229,0.0,11.74182460947342,11.43776761551473,0.8208574131813222,-1.6021127671747708,8.696773002780848,-4.482715128202593,-0.1286300075585789,0.0,0.1875,24.0,3.0,4.0,0.0,0.0,0.0,2.0,0.0,2.0,3.0,3.0,8.0,5.0,0.0,0.0,0.0,2.0,3.1808000000000014,77.35390000000001,0.0,0.0,0.0,0.0,0.0,0.0,0.0,0.0,0.0,0.0,1.0,1.0,0.0,0.0,0.0,0.0,2.0,0.0,1.0,0.0,0.0,0.0,0.0,0.0,0.0,3.0,0.0,1.0,0.0,0.0,0.0,0.0,0.0,0.0,2.0,0.0,0.0,0.0,0.0,0.0,0.0,0.0,0.0,0.0,4.0,0.0,0.0,0.0,0.0,0.0,0.0,0.0,0.0,0.0,0.0,0.0,0.0,0.0,0.0,0.0,0.0,0.0,0.0,0.0,0.0,0.0,0.0,0.0,0.0,0.0,0.0,0.0,0.0,0.0,0.0,0.0,0.0,0.0,0.0,0.0,0.0,0.0,0.0,0.0,0.0
CHEMBL29911,12.766426350230184,-4.439800395862355,12.766426350230184,0.0007773526077099469,0.5508466499530592,354.32800000000003,337.19200000000006,354.119127064,134.0,0.0,0.41592031327521045,-0.49675666557985354,0.49675666557985354,0.41592031327521045,1.2,1.92,2.56,2.195865471992934,735.0731657163781,18.449382989376325,13.300862799348547,13.300862799348547,11.845885118390559,7.322916683254371,7.322916683254371,5.264718591856897,5.264718591856897,3.5641290956431075,3.5641290956431075,2.325083970768893,2.325083970768893,-2.58,314422.92195855064,18.754295721904466,7.9968334466831505,4.944533222538899,141.93287805476345,4.736862953800049,11.791352662431866,0.0,0.0,5.907179729351506,6.176298517443475,15.318578812855442,5.480096598121202,13.171245143024459,0.0,30.33183534230805,29.32600418877882,6.544756405912575,12.673249032974528,27.909898305673618,5.907179729351506,0.0,10.796885202127534,0.0,18.76289575250401,7.109797541277533,65.22129102278387,0.0,5.749511833283905,15.533748155927581,13.171245143024459,5.749511833283905,0.0,18.22423029540633,17.51559210742787,0.0,22.732195304238946,48.53093654769288,0.0,0.0,0.0,70.59,23.688770567639935,17.96578232709628,0.0,6.544756405912575,16.876414816677897,12.13273413692322,19.242531678200752,29.745564871967645,0.0,5.316788604006331,9.94411597857734,43.38664077866916,0.0,11.915081884605694,11.759498923778775,1.6364983363447922,-0.2274651724721617,10.4184403470474,-4.439800395862355,-0.0007773526077099469,1.4685493171630644,0.23529411764705882,25.0,3.0,5.0,0.0,0.0,0.0,2.0,0.0,2.0,4.0,3.0,8.0,6.0,0.0,0.0,0.0,2.0,3.0503,83.94790000000002,0.0,0.0,0.0,0.0,0.0,0.0,0.0,0.0,0.0,0.0,1.0,1.0,0.0,0.0,0.0,0.0,2.0,0.0,1.0,0.0,0.0,0.0,0.0,0.0,0.0,3.0,0.0,1.0,0.0,0.0,0.0,0.0,0.0,0.0,2.0,0.0,0.0,0.0,0.0,0.0,0.0,1.0,0.0,0.0,3.0,0.0,0.0,0.0,0.0,0.0,0.0,0.0,0.0,0.0,0.0,1.0,0.0,0.0,0.0,0.0,0.0,0.0,0.0,0.0,0.0,0.0,0.0,0.0,0.0,0.0,0.0,0.0,0.0,0.0,0.0,0.0,0.0,0.0,0.0,0.0,0.0,0.0,0.0,0.0,0.0
CHEMBL30051,12.871429793756356,-4.436986822417469,12.871429793756356,0.019075255102041222,0.46348144316219064,374.3620000000001,357.22600000000017,374.124212444,140.0,0.0,0.4159203132752105,-0.29797669151847184,0.4159203132752105,0.29797669151847184,1.0,1.7037037037037037,2.4444444444444446,1.8986883272207593,951.8597305824036,19.440946820939043,14.124665316453562,14.124665316453562,12.897196713406814,8.210544247558573,8.210544247558573,6.056480202176232,6.056480202176232,4.271367124471276,4.271367124471276,2.9881595166021695,2.9881595166021695,-2.899999999999999,1164824.9831644485,18.878174131325142,7.77224667782669,4.265931782264054,153.13605524259515,0.0,6.041840829147961,0.0,0.0,5.907179729351506,6.176298517443475,15.318578812855442,5.480096598121202,13.171245143024459,0.0,60.6636706846161,27.965718480785196,6.544756405912575,5.563451491696996,23.173035351873573,16.679628158281098,0.0,10.796885202127534,0.0,18.76289575250401,0.0,83.42039222816872,0.0,0.0,10.796885202127534,13.171245143024459,0.0,0.0,11.114432754128796,17.51559210742787,0.0,22.732195304238946,66.73003775307771,0.0,10.772448428929591,0.0,61.36,23.688770567639935,17.96578232709628,0.0,6.544756405912575,11.126902983393991,22.90518256585281,6.06636706846161,23.67919780350603,30.33183534230805,5.316788604006331,5.20725302477729,38.61428938126907,0.0,12.199957168052407,13.751930936260841,1.8571953265606316,-0.6959916304484748,16.773863718954285,-4.436986822417469,0.019075255102041222,0.0,0.15,27.0,3.0,4.0,0.0,0.0,0.0,3.0,0.0,3.0,3.0,3.0,7.0,5.0,0.0,0.0,0.0,3.0,4.194900000000002,94.90190000000001,0.0,0.0,0.0,0.0,0.0,0.0,0.0,0.0,0.0,0.0,1.0,1.0,0.0,0.0,0.0,0.0,2.0,0.0,1.0,0.0,0.0,0.0,0.0,0.0,0.0,3.0,0.0,1.0,0.0,0.0,0.0,0.0,0.0,0.0,3.0,0.0,1.0,0.0,0.0,0.0,0.0,0.0,0.0,0.0,3.0,0.0,0.0,0.0,0.0,0.0,0.0,0.0,0.0,0.0,0.0,0.0,0.0,0.0,0.0,0.0,0.0,0.0,0.0,0.0,0.0,0.0,0.0,0.0,0.0,0.0,0.0,0.0,0.0,0.0,0.0,0.0,0.0,0.0,0.0,0.0,0.0,0.0,0.0,0.0,0.0
CHEMBL26038,13.332275245497648,-4.515902324237011,13.332275245497648,0.0023833538044846225,0.4355449410503298,360.28200000000004,347.17800000000005,360.089718756,134.0,0.0,0.41592031327521045,-0.2979938249591095,0.41592031327521045,0.2979938249591095,1.08,1.8,2.4,2.210320565709887,764.4305614121992,18.61251969619286,12.571193185713511,12.571193185713511,11.718563918452732,7.005175387234469,7.005175387234469,5.161650691168327,5.161650691168327,3.4139919863514443,3.4139919863514443,2.1959448036329134,2.1959448036329134,-2.519999999999999,266513.86890669126,18.813460061700265,7.57808840391686,4.73734143349864,138.78546151671242,0.0,6.041840829147961,11.63444168209179,0.0,5.907179729351506,6.176298517443475,15.318578812855442,14.260926693470841,13.171245143024459,0.0,24.26546827384644,29.32600418877882,6.544756405912575,5.563451491696996,31.953865447223215,5.907179729351506,0.0,10.796885202127534,0.0,18.76289575250401,0.0,70.78936563641405,0.0,0.0,10.796885202127534,21.9520752383741,0.0,0.0,11.114432754128796,17.51559210742787,11.63444168209179,22.732195304238946,42.46456947923127,0.0,0.0,0.0,61.36,35.323212249731725,26.74661242244592,0.0,17.671659389306566,0.0,30.33183534230805,17.612830735044422,0.0,0.0,5.316788604006331,5.20725302477729,64.4384343855132,0.0,11.736297871000254,11.382130962705457,0.7268659718057713,-3.2945576568743506,5.789625489633155,-4.515902324237011,-0.17956136621315189,0.0,0.1875,25.0,3.0,4.0,0.0,0.0,0.0,2.0,0.0,2.0,3.0,3.0,9.0,5.0,0.0,0.0,0.0,2.0,3.3199000000000014,77.31190000000001,0.0,0.0,0.0,0.0,0.0,0.0,0.0,0.0,0.0,0.0,1.0,1.0,0.0,0.0,0.0,0.0,2.0,0.0,1.0,0.0,0.0,0.0,0.0,0.0,0.0,3.0,0.0,1.0,0.0,0.0,0.0,0.0,0.0,0.0,2.0,0.0,0.0,0.0,0.0,0.0,0.0,0.0,0.0,0.0,5.0,0.0,0.0,0.0,0.0,0.0,0.0,0.0,0.0,0.0,0.0,0.0,0.0,0.0,0.0,0.0,0.0,0.0,0.0,0.0,0.0,0.0,0.0,0.0,0.0,0.0,0.0,0.0,0.0,0.0,0.0,0.0,0.0,0.0,0.0,0.0,0.0,0.0,0.0,0.0,0.0
CHEMBL28533,10.99570806563366,-0.5471112055933485,10.99570806563366,0.032055933484505195,0.6216809916088002,245.662,233.56599999999997,245.045485544,88.0,0.0,0.24730782879358693,-0.49285747772058125,0.49285747772058125,0.24730782879358693,1.375,1.9375,2.4375,3.05790535241113,394.6505737154221,12.129392033067417,8.911730259466575,9.667659205485029,7.616922162780329,4.453265370443913,4.831229843453141,3.0103574331562566,3.417557559896863,2.028293574303423,2.380142085495627,1.2442516234732606,1.4647194193881,-1.4599999999999997,3547.2990770604392,12.608775790921598,5.5765373917398025,2.7730649226949473,97.88118479830463,9.473725907600098,0.0,11.49902366656781,5.907179729351506,0.0,0.0,10.001790208849112,5.480096598121202,0.0,0.0,11.600939890232516,11.629818560158606,11.089000382202936,20.640416705481076,19.47551611644921,17.508119619584022,0.0,5.480096598121202,0.0,6.4208216229260096,14.219595082555067,22.71881894236154,0.0,11.49902366656781,14.9538225057213,0.0,11.49902366656781,11.600939890232516,25.334027836683862,11.21535880699783,0.0,5.563451491696996,12.13273413692322,5.022633313741326,0.0,0.0,67.79,5.907179729351506,4.794537184071822,0.0,6.4208216229260096,22.08510847200613,0.0,19.699691680676267,12.13273413692322,0.0,0.0,26.281918822609907,10.113207829428067,5.940970332577475,10.99570806563366,8.791838230662636,2.084202806122449,0.4189040060468636,3.1495864827412445,-0.032055933484505195,0.0,2.9820826247165533,0.3,16.0,2.0,5.0,0.0,0.0,0.0,1.0,0.0,1.0,4.0,2.0,6.0,4.0,0.0,0.0,0.0,1.0,1.4051,58.18920000000002,0.0,0.0,0.0,0.0,0.0,0.0,0.0,0.0,0.0,0.0,1.0,1.0,0.0,0.0,0.0,0.0,1.0,0.0,1.0,0.0,0.0,0.0,0.0,0.0,0.0,0.0,0.0,1.0,0.0,0.0,0.0,0.0,0.0,0.0,1.0,0.0,0.0,0.0,0.0,0.0,0.0,2.0,0.0,0.0,1.0,0.0,0.0,0.0,0.0,0.0,0.0,0.0,0.0,0.0,0.0,2.0,0.0,0.0,0.0,0.0,0.0,0.0,0.0,0.0,0.0,0.0,0.0,0.0,0.0,0.0,0.0,0.0,0.0,0.0,0.0,0.0,0.0,0.0,0.0,0.0,0.0,0.0,0.0,0.0,0.0
CHEMBL29912,12.881421290354997,-4.422814486816562,12.881421290354997,0.09892006802721087,0.4984120857248285,374.3620000000001,357.2260000000001,374.124212444,140.0,0.0,0.4159194865122256,-0.2917853805841977,0.4159194865122256,0.2917853805841977,1.0,1.7037037037037037,2.4444444444444446,1.8986883272207593,951.8597305824036,19.440946820939043,14.201635423950442,14.201635423950442,12.897196713406814,8.254406814697656,8.254406814697656,6.0150050264791,6.0150050264791,4.276606664125784,4.276606664125784,2.979500171839704,2.979500171839704,-3.059999999999999,1164824.9831644485,18.722809983777285,7.671353698053889,4.1997055116487525,153.3460267291905,0.0,0.0,0.0,0.0,0.0,12.207413029781547,10.107162755627769,10.274633782193025,13.171245143024459,0.0,54.59730361615449,29.50323146601102,11.93098062037737,11.250837766380558,23.173035351873573,22.490949215951225,0.0,5.480096598121202,0.0,12.597120140369483,11.444666136763054,77.85694073647171,0.0,0.0,10.38000632897168,23.653168601779843,0.0,0.0,17.783123943027938,12.597120140369483,0.0,11.126902983393991,66.73003775307771,0.0,10.772448428929591,0.0,52.57,17.770864521478543,17.96578232709628,0.0,12.965578028838586,11.250837766380558,22.90518256585281,10.966276799312087,23.67919780350603,30.33183534230805,0.0,5.20725302477729,38.64426387106499,0.0,13.496513290501387,10.802581918876111,1.8809916228569281,0.0,17.054542534461973,-4.227813305788595,0.09892006802721087,0.0,0.15,27.0,2.0,4.0,0.0,0.0,0.0,3.0,0.0,3.0,2.0,2.0,7.0,4.0,0.0,0.0,0.0,3.0,5.006500000000003,96.76020000000001,0.0,0.0,0.0,0.0,0.0,0.0,0.0,0.0,0.0,0.0,1.0,1.0,0.0,0.0,0.0,1.0,1.0,0.0,1.0,0.0,0.0,0.0,0.0,0.0,0.0,3.0,0.0,2.0,0.0,1.0,0.0,0.0,0.0,0.0,3.0,0.0,1.0,0.0,0.0,0.0,0.0,0.0,0.0,0.0,3.0,0.0,0.0,0.0,0.0,0.0,0.0,0.0,0.0,0.0,0.0,0.0,0.0,0.0,0.0,0.0,0.0,0.0,0.0,0.0,0.0,0.0,0.0,0.0,0.0,0.0,0.0,0.0,0.0,0.0,0.0,0.0,0.0,0.0,0.0,0.0,0.0,0.0,0.0,0.0,1.0
CHEMBL26420,12.887958719376192,-4.416986822417469,12.887958719376192,0.0746308106575968,0.3631103340040418,373.37800000000004,355.23400000000015,373.140196856,140.0,0.0,0.41592031327521045,-0.2980023715816731,0.41592031327521045,0.2980023715816731,1.0,1.7037037037037037,2.4444444444444446,1.8986883272207593,951.1048430802401,19.440946820939043,14.25480199014323,14.25480199014323,12.897196713406814,8.275612584403408,8.275612584403408,6.089014370598649,6.089014370598649,4.303432754007933,4.303432754007933,3.0069431274987126,3.0069431274987126,-2.899999999999999,1164824.9831644485,18.878174131325142,7.77224667782669,4.265931782264054,153.69780970816885,0.0,6.041840829147961,0.0,0.0,5.907179729351506,6.176298517443475,15.537117185188539,5.842670270266239,13.171245143024459,0.0,60.6636706846161,27.965718480785196,6.544756405912575,5.563451491696996,17.96578232709628,16.679628158281098,0.0,10.742580001116716,5.842670270266239,18.76289575250401,0.0,83.42039222816872,0.0,0.0,16.585250271382954,13.171245143024459,0.0,0.0,5.907179729351506,17.51559210742787,0.0,22.732195304238946,66.73003775307771,0.0,10.772448428929591,0.0,67.14999999999999,23.688770567639935,17.96578232709628,0.0,6.544756405912575,11.126902983393991,22.90518256585281,6.06636706846161,12.13273413692322,36.39820241076966,10.742580001116716,5.842670270266239,38.66387615812857,0.0,12.324957168052407,4.830027203336186,2.502703011115936,4.842441160839657,17.26168464362045,-4.416986822417469,0.0746308106575968,0.0,0.15,27.0,4.0,4.0,0.0,0.0,0.0,3.0,0.0,3.0,3.0,3.0,7.0,5.0,0.0,0.0,0.0,3.0,3.679400000000003,97.3028,0.0,0.0,0.0,0.0,0.0,0.0,0.0,0.0,0.0,0.0,1.0,1.0,0.0,0.0,0.0,0.0,2.0,1.0,0.0,0.0,0.0,0.0,0.0,0.0,0.0,3.0,0.0,1.0,0.0,0.0,0.0,0.0,0.0,0.0,3.0,0.0,1.0,0.0,0.0,0.0,0.0,0.0,0.0,0.0,3.0,1.0,0.0,0.0,0.0,0.0,0.0,0.0,0.0,0.0,0.0,0.0,0.0,0.0,0.0,0.0,0.0,0.0,0.0,0.0,0.0,0.0,0.0,0.0,0.0,0.0,0.0,0.0,0.0,0.0,0.0,0.0,0.0,0.0,0.0,0.0,0.0,0.0,0.0,0.0,0.0
CHEMBL286441,12.577309618291762,-0.5335747092046688,12.577309618291762,0.015265810027714766,0.48130257756251676,308.403,288.24300000000005,308.1194635,114.0,0.0,0.2444930036096001,-0.3103104649238902,0.3103104649238902,0.2444930036096001,1.380952380952381,2.142857142857143,2.857142857142857,2.195618828992568,521.395123291136,15.242276208189782,12.041457314272375,12.857953895200101,10.168233757796587,7.170056721386208,8.049709532641103,5.0103040573784545,6.254868317130267,3.4475113492164,4.6994849932403255,2.3695795611388815,3.594985811928717,-1.5299999999999998,58862.63373086079,15.851269764825574,7.470254306614264,3.7668867816503733,128.21417332647545,4.899909730850478,0.0,0.0,11.814359458703011,0.0,0.0,14.796327392920933,5.480096598121202,0.0,11.761884949391115,31.898114582465862,18.55355575984923,17.86106150435636,10.937324304665736,14.796327392920933,29.263630682777688,0.0,5.480096598121202,0.0,42.75244519689461,11.444666136763054,24.26546827384644,0.0,0.0,10.38000632897168,5.687386274683562,0.0,11.761884949391115,28.81630691937505,9.589074368143644,0.0,32.60702369139466,29.160951749364212,0.0,0.0,0.0,69.64,11.15711775933368,9.589074368143644,0.0,12.328001352277514,6.544756405912575,29.845334618979365,11.761884949391115,10.38000632897168,24.26546827384644,6.923737199690624,5.20725302477729,0.0,1.3886108486604516,26.71536072107907,8.174401518144753,2.5215287733550724,-0.5906089117745856,7.742959734819855,3.091692638653768,2.789388010394955,0.0,0.4666666666666667,21.0,2.0,5.0,0.0,1.0,1.0,1.0,0.0,1.0,4.0,2.0,6.0,6.0,0.0,0.0,0.0,2.0,2.579600000000001,82.51120000000004,0.0,0.0,0.0,0.0,0.0,0.0,0.0,0.0,0.0,0.0,2.0,2.0,0.0,0.0,0.0,1.0,1.0,0.0,1.0,0.0,0.0,0.0,0.0,0.0,0.0,0.0,0.0,2.0,0.0,1.0,0.0,0.0,0.0,0.0,1.0,0.0,1.0,0.0,0.0,0.0,0.0,0.0,0.0,0.0,0.0,0.0,0.0,0.0,0.0,0.0,0.0,0.0,0.0,0.0,0.0,0.0,0.0,0.0,0.0,0.0,0.0,0.0,0.0,0.0,1.0,0.0,0.0,0.0,0.0,0.0,0.0,0.0,0.0,0.0,0.0,1.0,0.0,0.0,0.0,0.0,0.0,0.0,0.0,1.0,0.0
CHEMBL286917,12.546384164777022,-0.5262934618291759,12.546384164777022,0.00446334089191236,0.6556196885850483,292.35999999999996,276.23199999999997,292.088163372,106.0,0.0,0.24449300361579407,-0.310031443057296,0.310031443057296,0.24449300361579407,1.4,2.15,2.85,1.8622932448355918,544.9754829269435,14.11251969619286,10.911700802275453,11.72819738320318,9.685871848001627,6.687694811591252,7.567347622846146,5.20554033725105,6.450104597002861,3.59993377850562,4.851907422529547,2.365962395688313,3.5913686464781507,-1.5299999999999998,80659.41543943166,13.452934264138138,5.456571264837257,2.6633598834926446,120.84340005854958,4.899909730850478,0.0,0.0,11.814359458703011,0.0,0.0,14.796327392920933,5.480096598121202,0.0,11.761884949391115,12.13273413692322,30.892283428936633,17.86106150435636,10.937324304665736,14.796327392920933,29.263630682777688,0.0,5.480096598121202,5.917906046161393,29.40788637427798,11.444666136763054,24.26546827384644,0.0,0.0,10.38000632897168,5.687386274683562,0.0,11.761884949391115,28.81630691937505,9.589074368143644,5.917906046161393,19.26246486877803,29.160951749364212,0.0,0.0,0.0,69.64,11.15711775933368,9.589074368143644,0.0,12.328001352277514,5.917906046161393,17.127626156113912,24.603528195243133,10.38000632897168,24.26546827384644,0.0,5.20725302477729,0.0,1.3968924792139075,26.701490142353236,8.172346335138993,2.541602812421265,0.02150696544049735,7.7723946523053655,2.3306210632401108,0.729812216553288,0.0,0.42857142857142855,20.0,2.0,5.0,1.0,1.0,2.0,1.0,0.0,1.0,4.0,2.0,6.0,4.0,1.0,0.0,1.0,3.0,1.7994,75.71020000000003,0.0,0.0,0.0,0.0,0.0,0.0,0.0,0.0,0.0,0.0,2.0,2.0,0.0,0.0,0.0,1.0,1.0,0.0,1.0,0.0,0.0,0.0,0.0,0.0,0.0,0.0,0.0,2.0,0.0,1.0,0.0,0.0,0.0,0.0,1.0,0.0,1.0,0.0,0.0,0.0,0.0,0.0,0.0,0.0,0.0,0.0,0.0,0.0,0.0,0.0,0.0,0.0,0.0,0.0,0.0,0.0,0.0,0.0,0.0,0.0,0.0,0.0,0.0,0.0,1.0,0.0,0.0,0.0,0.0,0.0,0.0,0.0,0.0,0.0,0.0,1.0,0.0,0.0,0.0,0.0,0.0,0.0,0.0,0.0,0.0
CHEMBL34426,12.6164843159486,-0.5170919417149571,12.6164843159486,0.015720427059712883,0.6445065716837765,290.363,268.187,290.163042564,114.0,0.0,0.24364391233879681,-0.3118829543281413,0.3118829543281413,0.24364391233879681,1.4285714285714286,2.142857142857143,2.8095238095238093,2.236486655463373,528.0083033031837,15.405412915006313,12.50345251181159,12.50345251181159,10.024075805453153,7.347874044472466,7.347874044472466,5.94126139661541,5.94126139661541,3.850547948259246,3.850547948259246,2.6854904316215396,2.6854904316215396,-1.8799999999999994,49685.81910365909,15.507733242690971,6.716377241207668,3.6090490539103697,124.45600541550678,4.899909730850478,0.0,0.0,11.814359458703011,0.0,0.0,14.796327392920933,5.480096598121202,0.0,0.0,32.046575604766076,30.389367852172015,18.652964303522147,5.917906046161393,14.796327392920933,17.501745733386574,0.0,5.480096598121202,11.835812092322787,33.10993926815928,11.444666136763054,29.828919765543436,0.0,0.0,10.38000632897168,5.687386274683562,0.0,0.0,23.566368889392876,16.009895991069655,11.835812092322787,32.25256913693026,24.26546827384644,0.0,0.0,0.0,69.64,11.8250857755129,9.589074368143644,0.0,12.328001352277514,18.883484074999977,17.671659389306566,0.0,10.38000632897168,24.26546827384644,13.847474399381248,5.20725302477729,0.0,0.0,25.780837138867895,8.664552572597756,3.6403271709918537,-0.4446461640211642,7.817031368102796,1.4736529195011339,4.9015783272930635,0.0,0.5,21.0,2.0,5.0,0.0,1.0,1.0,1.0,0.0,1.0,3.0,2.0,5.0,5.0,0.0,0.0,0.0,2.0,2.1334999999999997,79.99020000000004,0.0,0.0,0.0,0.0,0.0,0.0,0.0,0.0,0.0,0.0,2.0,2.0,0.0,0.0,0.0,1.0,1.0,0.0,1.0,0.0,0.0,0.0,0.0,0.0,0.0,0.0,0.0,2.0,0.0,1.0,0.0,0.0,0.0,0.0,1.0,0.0,1.0,0.0,0.0,0.0,0.0,0.0,0.0,0.0,0.0,0.0,0.0,0.0,0.0,0.0,0.0,0.0,0.0,0.0,0.0,0.0,0.0,0.0,0.0,0.0,0.0,0.0,0.0,0.0,1.0,0.0,0.0,0.0,0.0,0.0,0.0,0.0,0.0,0.0,0.0,0.0,0.0,0.0,0.0,0.0,0.0,0.0,0.0,0.0,0.0
CHEMBL284794,11.804439720332578,-0.5826332199546485,11.804439720332578,0.07656557067271352,0.5286143516052475,232.239,220.14299999999997,232.084792244,88.0,0.0,0.24395030456286612,-0.3250089293998146,0.3250089293998146,0.24395030456286612,1.411764705882353,2.176470588235294,2.9411764705882355,2.208862140192838,482.39401470516856,12.25071237662706,9.012268841941614,9.012268841941614,8.202708600407233,5.215023974316898,5.215023974316898,3.7812149267680932,3.7812149267680932,2.5935295324440935,2.5935295324440935,1.6949423614135526,1.6949423614135526,-2.14,8894.396378593234,11.3485115504676,4.796725347779975,2.511715144278463,98.09666243914074,5.316788604006331,0.0,0.0,11.814359458703011,0.0,0.0,14.796327392920933,5.480096598121202,0.0,0.0,30.351141419052592,11.629818560158606,12.10820789760957,5.917906046161393,14.796327392920933,23.577765840220454,0.0,5.480096598121202,5.917906046161393,6.4208216229260096,5.316788604006331,35.90493987237732,0.0,0.0,10.796885202127534,5.687386274683562,0.0,0.0,17.0216124834803,9.589074368143644,5.917906046161393,11.984273114623004,30.34148838068032,0.0,6.076020106833881,0.0,78.43,11.8250857755129,9.589074368143644,0.0,12.328001352277514,0.0,11.250837766380558,5.480096598121202,18.218407282129373,18.19910120538483,5.316788604006331,5.20725302477729,0.0,0.0,22.8401669186193,11.179063995968757,3.140468789367599,-1.4119387755102042,7.3715021101033,3.3807369614512472,0.0,0.0,0.16666666666666666,17.0,3.0,5.0,0.0,1.0,1.0,1.0,0.0,1.0,3.0,3.0,5.0,2.0,0.0,0.0,0.0,2.0,1.1635999999999997,62.141900000000014,0.0,0.0,0.0,0.0,0.0,0.0,0.0,0.0,0.0,0.0,2.0,2.0,0.0,0.0,0.0,0.0,2.0,0.0,1.0,0.0,0.0,0.0,0.0,0.0,0.0,0.0,0.0,2.0,0.0,1.0,0.0,0.0,0.0,0.0,1.0,0.0,1.0,0.0,0.0,0.0,0.0,0.0,0.0,0.0,0.0,0.0,0.0,0.0,0.0,0.0,0.0,0.0,0.0,0.0,0.0,0.0,0.0,0.0,0.0,0.0,0.0,0.0,0.0,0.0,1.0,0.0,0.0,0.0,0.0,0.0,0.0,0.0,0.0,0.0,0.0,0.0,0.0,0.0,0.0,0.0,0.0,0.0,0.0,0.0,0.0
CHEMBL38016,12.70630149281935,-0.5716289787519948,12.70630149281935,0.06819160997732432,0.6185314538794536,338.38500000000005,320.24100000000004,338.09364267599994,124.0,0.0,0.24449300360981027,-0.3502058184975715,0.3502058184975715,0.24449300360981027,1.3478260869565217,2.0869565217391304,2.8260869565217392,1.7625911082467054,590.9848975315062,16.233840039752504,12.435304164389727,13.251800745317453,11.185871848001629,7.419953020644183,8.299605831899079,5.26301241278219,6.507576672534001,3.7414663984961223,4.99344004252005,2.6580669249636766,3.8834731757535144,-1.6099999999999999,275841.62144930393,16.254918356525348,7.3071992201786635,3.662700299746305,137.43543263195994,14.373635638450576,0.0,6.290026729335213,11.814359458703011,0.0,0.0,14.796327392920933,5.480096598121202,0.0,11.761884949391115,12.13273413692322,12.13273413692322,24.28188312728237,24.151088233691574,24.27005330052103,29.263630682777688,0.0,5.480096598121202,0.0,29.277091480687183,24.65843006578889,24.26546827384644,0.0,0.0,10.38000632897168,5.687386274683562,0.0,11.761884949391115,48.3200975777361,19.06280027574374,0.0,12.841643245852019,29.160951749364212,0.0,0.0,0.0,88.10000000000001,11.15711775933368,9.589074368143644,0.0,18.618028081612728,26.179341957864423,10.582869750201336,11.761884949391115,10.38000632897168,24.26546827384644,0.0,14.68097893237739,10.826874125019868,1.345008608381624,26.746006433858614,8.139726587796122,2.4197737081007284,-0.7148725539598555,7.583299162257496,0.21667031473083032,1.6041802804812364,0.0,0.4666666666666667,23.0,2.0,7.0,0.0,2.0,2.0,1.0,0.0,1.0,6.0,2.0,8.0,5.0,0.0,1.0,1.0,3.0,1.1524,83.29520000000005,0.0,0.0,0.0,0.0,0.0,0.0,0.0,0.0,0.0,0.0,2.0,2.0,0.0,0.0,0.0,1.0,1.0,0.0,1.0,0.0,0.0,0.0,0.0,0.0,0.0,0.0,0.0,2.0,0.0,1.0,0.0,0.0,0.0,0.0,1.0,0.0,1.0,0.0,0.0,0.0,0.0,2.0,0.0,0.0,0.0,0.0,0.0,0.0,0.0,0.0,0.0,0.0,0.0,0.0,0.0,0.0,0.0,0.0,0.0,0.0,0.0,0.0,0.0,0.0,1.0,0.0,0.0,0.0,0.0,0.0,0.0,0.0,0.0,0.0,0.0,1.0,0.0,0.0,0.0,0.0,0.0,0.0,0.0,0.0,0.0
CHEMBL35483,12.310828609221467,-0.6977777777777783,12.310828609221467,0.17698790627362038,0.5290417309422348,295.32000000000005,282.21600000000007,295.062676896,106.0,0.0,0.24449300547376673,-0.36812052351885216,0.36812052351885216,0.24449300547376673,1.4,2.1,2.75,2.3175043963493542,563.3883459806023,14.698306133819765,10.40573553036622,11.222232111293946,9.524075805453153,5.809302610619679,6.688955421874574,4.204017204177444,5.448581463929257,2.776187976227464,4.0281616202513915,1.9379448287279781,3.1633510795178164,-2.059999999999999,29910.68386827677,14.35123583728531,5.9305484375353075,2.9143634438823756,118.62075978034206,10.633577208012664,6.544756405912575,0.0,17.721539188054518,0.0,0.0,19.590864576992757,5.480096598121202,0.0,11.761884949391115,12.13273413692322,12.13273413692322,11.316305098443785,10.937324304665736,19.590864576992757,35.17081041212919,0.0,5.480096598121202,5.733667477162185,16.56624312842596,11.444666136763054,24.26546827384644,0.0,0.0,16.113673806133868,5.687386274683562,0.0,11.761884949391115,34.723486648726556,14.383611552215466,0.0,6.4208216229260096,29.160951749364212,0.0,0.0,0.0,112.73,17.064297488685185,14.383611552215466,0.0,18.87275775819009,5.687386274683562,4.895483475517775,22.141891278362795,24.26546827384644,0.0,0.0,10.940920501939475,0.0,1.2243679138321995,36.69953971403377,7.852675553245989,7.253411832325522,-1.6705843463928762,7.059987244897959,-0.17698790627362038,-0.24241000566893445,0.0,0.25,20.0,4.0,7.0,0.0,1.0,1.0,1.0,0.0,1.0,5.0,3.0,8.0,4.0,0.0,0.0,0.0,2.0,-0.12529999999999997,72.18060000000001,0.0,0.0,0.0,0.0,0.0,0.0,0.0,0.0,0.0,0.0,3.0,3.0,0.0,0.0,0.0,1.0,1.0,1.0,1.0,0.0,0.0,0.0,0.0,0.0,0.0,0.0,0.0,3.0,0.0,1.0,0.0,0.0,0.0,0.0,1.0,0.0,1.0,0.0,0.0,0.0,0.0,0.0,0.0,0.0,0.0,0.0,0.0,0.0,0.0,0.0,0.0,0.0,0.0,0.0,0.0,0.0,0.0,0.0,0.0,0.0,0.0,0.0,0.0,0.0,1.0,0.0,0.0,0.0,0.0,0.0,0.0,1.0,0.0,0.0,0.0,1.0,0.0,0.0,0.0,0.0,0.0,0.0,0.0,0.0,0.0
CHEMBL287247,12.035024766883081,-0.45349510791971115,12.035024766883081,0.06907139707734977,0.8283449589466314,328.39300000000003,312.26500000000004,328.088163372,118.0,0.0,0.24470509301706184,-0.3240835496222336,0.3240835496222336,0.24470509301706184,1.1304347826086956,1.8695652173913044,2.6956521739130435,1.4918933520920223,705.9944845439405,16.070703332935974,12.320709416124808,13.137205997052535,11.220346690612276,7.232938053875864,8.112590865130759,5.09553950721048,6.340103766962294,3.3450444015904965,4.620234900171678,2.21124669222552,3.3216179234660124,-2.309999999999999,225519.92217454192,15.580555266035152,7.302482788341271,4.116270650706477,137.92083906566856,5.316788604006331,0.0,0.0,11.814359458703011,0.0,0.0,14.426662951880278,5.480096598121202,0.0,11.761884949391115,42.46456947923127,17.696185628620217,11.316305098443785,17.544206269178655,14.426662951880278,29.263630682777688,0.0,5.480096598121202,0.0,23.17312509293888,5.316788604006331,60.160755107851486,0.0,0.0,10.796885202127534,5.687386274683562,0.0,11.761884949391115,17.064297488685185,21.033544916393197,0.0,11.984273114623004,59.49278709167226,0.0,0.0,0.0,67.43,5.249938029982174,9.589074368143644,0.0,18.23518108162902,6.606881964512918,16.14632124189833,11.761884949391115,0.0,54.59730361615449,10.796885202127534,4.8375885837366335,0.0,1.3948401768752596,30.119521660031218,2.363190924135188,4.146247590184695,-0.47234109371735644,17.088378703718746,0.06907139707734977,0.2910906416948984,0.0,0.17647058823529413,23.0,2.0,5.0,0.0,1.0,1.0,2.0,0.0,2.0,4.0,2.0,6.0,5.0,0.0,0.0,0.0,3.0,2.7375000000000007,88.70740000000002,0.0,0.0,0.0,0.0,0.0,0.0,0.0,0.0,0.0,0.0,2.0,2.0,0.0,0.0,0.0,0.0,2.0,0.0,1.0,0.0,0.0,0.0,0.0,0.0,0.0,0.0,0.0,2.0,0.0,1.0,0.0,0.0,0.0,0.0,2.0,0.0,1.0,0.0,0.0,0.0,0.0,0.0,0.0,0.0,0.0,0.0,0.0,0.0,0.0,0.0,0.0,0.0,0.0,0.0,0.0,0.0,0.0,0.0,0.0,0.0,0.0,0.0,0.0,0.0,1.0,0.0,0.0,0.0,0.0,0.0,0.0,0.0,0.0,0.0,0.0,1.0,0.0,0.0,0.0,0.0,0.0,0.0,0.0,0.0,0.0
CHEMBL285024,12.76274896069539,-0.6542332766439911,12.76274896069539,0.020187783446712126,0.6254706855524506,349.41200000000015,330.26000000000005,349.109627088,128.0,0.0,0.24449300547378283,-0.3411488966538585,0.3411488966538585,0.24449300547378283,1.25,1.9583333333333333,2.6666666666666665,1.8256801652635308,660.4775376722424,17.10408352775558,13.104025981422744,13.92052256235047,11.596555450524587,7.876689805808523,8.756342617063416,5.825597845127024,7.0701621048788335,4.214380133835805,5.466353777859729,2.983900267238417,4.209306518028252,-2.0599999999999996,417025.7333000869,16.785786144559395,7.227753111404264,3.3892462296319206,143.49464005758995,9.799819461700956,6.544756405912575,0.0,17.721539188054518,0.0,0.0,19.590864576992757,5.480096598121202,0.0,11.761884949391115,12.13273413692322,24.97437738277524,24.405817910268937,10.937324304665736,19.590864576992757,35.17081041212919,0.0,10.38000632897168,0.0,29.40788637427798,24.534178948588206,24.26546827384644,0.0,0.0,10.38000632897168,5.687386274683562,0.0,11.761884949391115,52.712909191402176,14.383611552215466,0.0,19.26246486877803,29.160951749364212,0.0,0.0,0.0,89.95,11.15711775933368,14.383611552215466,0.0,24.779937487541595,5.687386274683562,30.826639533194946,16.66179468024159,16.44637339743329,18.19910120538483,0.0,5.20725302477729,0.0,1.2838313597043753,40.758039665361096,8.053100219669032,2.2540779776480537,-0.9779534360040305,7.342745653817083,1.8468075952960512,1.4393509645083418,0.0,0.4375,24.0,2.0,7.0,0.0,2.0,2.0,1.0,0.0,1.0,5.0,2.0,8.0,4.0,0.0,1.0,1.0,3.0,1.0118000000000003,88.80020000000005,0.0,0.0,0.0,0.0,0.0,0.0,0.0,0.0,0.0,0.0,3.0,3.0,0.0,0.0,0.0,2.0,1.0,0.0,1.0,0.0,1.0,0.0,0.0,0.0,0.0,0.0,0.0,3.0,0.0,1.0,0.0,0.0,0.0,0.0,1.0,0.0,1.0,0.0,0.0,0.0,0.0,0.0,0.0,0.0,0.0,0.0,0.0,0.0,0.0,0.0,0.0,0.0,0.0,0.0,0.0,0.0,0.0,0.0,0.0,0.0,0.0,0.0,0.0,0.0,1.0,0.0,0.0,0.0,0.0,0.0,0.0,0.0,0.0,0.0,0.0,1.0,0.0,0.0,0.0,0.0,0.0,0.0,0.0,0.0,0.0
CHEMBL38164,11.74400179516251,-0.4166203703703706,11.74400179516251,0.0959070294784583,0.7923268373786213,252.29500000000002,240.19899999999996,252.056863244,90.0,0.0,0.24468225666526175,-0.3240835496222554,0.3240835496222554,0.24468225666526175,1.5294117647058822,2.2941176470588234,3.0588235294117645,2.071429303921914,450.0976132652446,12.25071237662706,9.22685128899013,10.043347869917856,8.202708600407233,5.088274216628681,5.967927027883576,3.5253899581941095,4.769954217945922,2.2932775781649006,3.5684680767460786,1.5509349824851537,2.6613062137256454,-1.53,8076.571681650772,11.940985682050016,5.1999309626899075,2.7760450126575975,102.86374485960452,5.316788604006331,0.0,0.0,11.814359458703011,0.0,0.0,14.426662951880278,5.480096598121202,0.0,11.761884949391115,12.13273413692322,12.13273413692322,11.316305098443785,18.04712184594327,14.426662951880278,29.263630682777688,0.0,5.480096598121202,0.0,16.56624312842596,12.426586145283864,24.26546827384644,0.0,0.0,10.796885202127534,5.687386274683562,0.0,11.761884949391115,24.174095029962718,14.426662951880278,0.0,6.4208216229260096,29.160951749364212,0.0,0.0,0.0,67.43,5.249938029982174,9.589074368143644,0.0,18.23518108162902,0.0,10.582869750201336,18.871682490668647,0.0,24.26546827384644,15.634473785864166,0.0,0.0,1.3908578987150413,28.5670987654321,2.3602284108087677,3.002202879608634,-0.4588109410430836,7.513462852733686,0.0959070294784583,0.0,1.3623864375997312,0.2727272727272727,17.0,2.0,5.0,0.0,1.0,1.0,1.0,0.0,1.0,4.0,2.0,6.0,3.0,0.0,0.0,0.0,2.0,1.1670999999999998,64.48540000000003,0.0,0.0,0.0,0.0,0.0,0.0,0.0,0.0,0.0,0.0,2.0,2.0,0.0,0.0,0.0,0.0,2.0,0.0,1.0,0.0,0.0,0.0,0.0,0.0,0.0,0.0,0.0,2.0,0.0,1.0,0.0,0.0,0.0,0.0,1.0,0.0,1.0,0.0,0.0,0.0,0.0,0.0,0.0,0.0,0.0,0.0,0.0,0.0,0.0,0.0,0.0,0.0,0.0,0.0,0.0,0.0,0.0,0.0,0.0,0.0,0.0,0.0,0.0,0.0,1.0,0.0,0.0,0.0,0.0,0.0,0.0,0.0,0.0,0.0,0.0,1.0,0.0,0.0,0.0,0.0,0.0,0.0,0.0,0.0,0.0
CHEMBL289736,12.658629062736207,-0.5242358486604519,12.658629062736207,0.00446334089191236,0.6606785894911703,306.387,288.243,306.103813436,112.0,0.0,0.24449300361579407,-0.31003144603862637,0.31003144603862637,0.24449300361579407,1.380952380952381,2.142857142857143,2.8095238095238093,1.843596697809874,559.6046410357351,14.819626477379408,11.618807583462,12.435304164389727,10.185871848001627,7.187694811591252,8.067347622846146,5.559093727844324,6.803657987596135,4.127755224838533,5.37972886886246,2.7409105453172997,3.9663167961071375,-1.5299999999999998,57641.55629351818,14.409060124188407,6.071664934514076,2.9133054618232097,127.20834217294619,4.899909730850478,0.0,0.0,11.814359458703011,0.0,0.0,14.796327392920933,5.480096598121202,0.0,11.761884949391115,18.553555759849232,30.892283428936633,17.86106150435636,10.937324304665736,14.796327392920933,29.263630682777688,0.0,5.480096598121202,5.917906046161393,35.82870799720399,11.444666136763054,24.26546827384644,0.0,0.0,10.38000632897168,5.687386274683562,0.0,11.761884949391115,28.81630691937505,9.589074368143644,5.917906046161393,25.683286491704038,29.160951749364212,0.0,0.0,0.0,69.64,11.15711775933368,9.589074368143644,0.0,12.328001352277514,5.917906046161393,17.127626156113912,31.024349818169142,5.480096598121202,29.16537800469692,0.0,5.20725302477729,0.0,1.402100812547241,26.89213640085664,8.206135057239404,2.556232442050894,0.009675689720332614,7.804396573444193,3.566177474254675,0.729812216553288,0.0,0.4666666666666667,21.0,2.0,5.0,1.0,1.0,2.0,1.0,0.0,1.0,4.0,2.0,6.0,4.0,1.0,0.0,1.0,3.0,2.1895,80.32720000000003,0.0,0.0,0.0,0.0,0.0,0.0,0.0,0.0,0.0,0.0,2.0,2.0,0.0,0.0,0.0,1.0,1.0,0.0,1.0,0.0,0.0,0.0,0.0,0.0,0.0,0.0,0.0,2.0,0.0,1.0,0.0,0.0,0.0,0.0,1.0,0.0,1.0,0.0,0.0,0.0,0.0,0.0,0.0,0.0,0.0,0.0,0.0,0.0,0.0,0.0,0.0,0.0,0.0,0.0,0.0,0.0,0.0,0.0,0.0,0.0,0.0,0.0,0.0,0.0,1.0,0.0,0.0,0.0,0.0,0.0,0.0,0.0,0.0,0.0,0.0,1.0,0.0,0.0,0.0,0.0,0.0,0.0,0.0,0.0,0.0
CHEMBL37719,11.614856386999245,-0.5629341458805743,11.614856386999245,0.0403429705215419,0.5301813585552887,238.26800000000003,228.18799999999996,238.04121318,84.0,0.0,0.24449286454874472,-0.3240835496255675,0.3240835496255675,0.24449286454874472,1.5,2.25,3.0,2.148986629434278,435.82724796837493,11.543605595440512,8.265816594026225,9.082313174953951,7.702708600407233,4.699508578682866,5.57916138993776,3.3310071392212017,4.575571398973015,2.2020805431965385,3.4772710417777164,1.441076411961881,2.5514476432023723,-1.5299999999999998,5103.9361084951,10.970415968684724,4.543980027373256,2.174082250630764,96.17949126789703,5.316788604006331,0.0,0.0,11.814359458703011,0.0,0.0,14.796327392920933,5.480096598121202,0.0,11.761884949391115,12.13273413692322,12.13273413692322,11.316305098443785,10.937324304665736,14.796327392920933,29.263630682777688,0.0,5.480096598121202,0.0,16.56624312842596,5.316788604006331,24.26546827384644,0.0,0.0,10.796885202127534,5.687386274683562,0.0,11.761884949391115,22.271550513462476,9.589074368143644,0.0,6.4208216229260096,29.160951749364212,0.0,0.0,0.0,78.43,11.15711775933368,9.589074368143644,0.0,12.328001352277514,0.0,10.582869750201336,17.241981547512317,0.0,24.26546827384644,5.316788604006331,5.20725302477729,0.0,1.3248148148148147,23.526533761652807,10.626352828168304,2.2867000503905266,-0.7783971088435373,7.387671957671958,-0.0403429705215419,0.0,0.0,0.2,16.0,3.0,5.0,0.0,1.0,1.0,1.0,0.0,1.0,4.0,3.0,6.0,2.0,0.0,0.0,0.0,2.0,0.9948999999999999,59.262900000000016,0.0,0.0,0.0,0.0,0.0,0.0,0.0,0.0,0.0,0.0,2.0,2.0,0.0,0.0,0.0,0.0,2.0,0.0,1.0,0.0,0.0,0.0,0.0,0.0,0.0,0.0,0.0,2.0,0.0,1.0,0.0,0.0,0.0,0.0,1.0,0.0,1.0,0.0,0.0,0.0,0.0,0.0,0.0,0.0,0.0,0.0,0.0,0.0,0.0,0.0,0.0,0.0,0.0,0.0,0.0,0.0,0.0,0.0,0.0,0.0,0.0,0.0,0.0,0.0,1.0,0.0,0.0,0.0,0.0,0.0,0.0,0.0,0.0,0.0,0.0,1.0,0.0,0.0,0.0,0.0,0.0,0.0,0.0,0.0,0.0
CHEMBL34024,12.801255905139834,-0.551761568825061,12.801255905139834,0.03812450134374701,0.6490047632997129,336.41300000000007,316.25300000000004,336.11437811999997,124.0,0.0,0.2444930036677631,-0.3763626825417476,0.3763626825417476,0.2444930036677631,1.391304347826087,2.217391304347826,2.9565217391304346,1.8187148419223333,589.1978969400708,16.233840039752504,12.734162655112412,13.550659236040138,11.185871848001629,7.803823916117717,8.683476727372613,5.750745859885091,6.995310119636902,4.122436886375658,5.374410530399587,2.9623688284963587,4.187775079286196,-1.5699999999999998,220674.16603337208,16.293497830189143,7.3336481621413006,3.6790812441690544,138.68682951684966,9.636772684650527,0.0,0.0,11.814359458703011,0.0,0.0,14.796327392920933,5.480096598121202,0.0,11.761884949391115,12.13273413692322,31.39519900570125,17.923187062956703,23.586047098326617,19.533190346720982,29.263630682777688,0.0,5.480096598121202,0.0,41.93267438495229,18.051548101275973,24.26546827384644,0.0,0.0,10.38000632897168,5.687386274683562,0.0,11.761884949391115,41.527155271636275,14.325937321943691,0.0,25.683286491704038,29.160951749364212,0.0,0.0,0.0,78.87,11.15711775933368,9.589074368143644,0.0,18.43196774002582,6.544756405912575,36.45221658349228,11.761884949391115,10.38000632897168,24.26546827384644,0.0,9.94411597857734,5.761579113126732,1.3706080456874106,26.969865291234342,8.193014057117592,2.477836537009968,-0.6568787267993619,7.693118464978584,3.114377478965772,1.2431464053456298,0.0,0.5,23.0,2.0,6.0,0.0,2.0,2.0,1.0,0.0,1.0,5.0,2.0,7.0,4.0,0.0,1.0,1.0,3.0,1.9585000000000001,86.57720000000005,0.0,0.0,0.0,0.0,0.0,0.0,0.0,0.0,0.0,0.0,2.0,2.0,0.0,0.0,0.0,1.0,1.0,0.0,1.0,0.0,0.0,0.0,0.0,0.0,0.0,0.0,0.0,2.0,0.0,1.0,0.0,0.0,0.0,0.0,1.0,0.0,1.0,0.0,0.0,0.0,0.0,1.0,0.0,0.0,0.0,0.0,0.0,0.0,0.0,0.0,0.0,0.0,0.0,0.0,0.0,0.0,0.0,0.0,0.0,0.0,0.0,0.0,0.0,0.0,1.0,0.0,0.0,0.0,0.0,0.0,0.0,0.0,0.0,0.0,0.0,1.0,0.0,0.0,0.0,0.0,0.0,0.0,0.0,0.0,0.0
CHEMBL37522,11.635689720332579,-0.5421008125472409,11.635689720332579,0.0033059334845049193,0.506608756387472,220.228,208.13199999999998,220.084792244,84.0,0.0,0.24364377655900157,-0.3255748759773738,0.3255748759773738,0.24364377655900157,1.5,2.25,3.0,2.148986629434278,430.9927811122383,11.543605595440512,8.56467508474891,8.56467508474891,7.702708600407233,5.021483854112555,5.021483854112555,3.7865492749325402,3.7865492749325402,2.668832660341794,2.668832660341794,1.847500490227306,1.847500490227306,-1.88,5103.9361084951,10.631603818482128,4.320671487603306,2.0376651786879685,92.4213233569284,5.316788604006331,0.0,0.0,11.814359458703011,0.0,0.0,14.796327392920933,5.480096598121202,0.0,0.0,18.19910120538483,18.050640183084614,12.10820789760957,5.917906046161393,14.796327392920933,17.501745733386574,0.0,5.480096598121202,5.917906046161393,12.841643245852019,5.316788604006331,29.828919765543436,0.0,0.0,10.796885202127534,5.687386274683562,0.0,0.0,17.0216124834803,16.00989599106965,5.917906046161393,11.984273114623004,24.26546827384644,0.0,0.0,0.0,78.43,11.8250857755129,9.589074368143644,0.0,12.328001352277514,6.4208216229260096,11.250837766380558,5.480096598121202,0.0,24.26546827384644,5.316788604006331,5.20725302477729,0.0,0.0,22.632145061728394,11.154547272612747,3.3489591206853113,-1.1352952569916854,7.479708994708994,0.5199348072562358,0.0,0.0,0.2727272727272727,16.0,3.0,5.0,0.0,1.0,1.0,1.0,0.0,1.0,3.0,3.0,5.0,2.0,0.0,0.0,0.0,2.0,0.6928999999999998,56.811900000000016,0.0,0.0,0.0,0.0,0.0,0.0,0.0,0.0,0.0,0.0,2.0,2.0,0.0,0.0,0.0,0.0,2.0,0.0,1.0,0.0,0.0,0.0,0.0,0.0,0.0,0.0,0.0,2.0,0.0,1.0,0.0,0.0,0.0,0.0,1.0,0.0,1.0,0.0,0.0,0.0,0.0,0.0,0.0,0.0,0.0,0.0,0.0,0.0,0.0,0.0,0.0,0.0,0.0,0.0,0.0,0.0,0.0,0.0,0.0,0.0,0.0,0.0,0.0,0.0,1.0,0.0,0.0,0.0,0.0,0.0,0.0,0.0,0.0,0.0,0.0,0.0,0.0,0.0,0.0,0.0,0.0,0.0,0.0,0.0,0.0
CHEMBL287497,11.9829119425548,-0.552193405139833,11.9829119425548,0.029092970521541917,0.6087753357796126,252.29500000000002,240.19899999999998,252.056863244,90.0,0.0,0.2444930019731073,-0.3134005511257181,0.3134005511257181,0.2444930019731073,1.5294117647058822,2.235294117647059,2.9411764705882355,2.2462856597591445,463.78469486640546,12.41384908344359,9.213030189526183,10.02952677045391,8.1302289553358,5.093935769682782,5.973588580937675,3.7105763079250487,4.955140567676862,2.59734580962835,3.8493194536522775,1.7152976198097614,2.9983148971692897,-1.5299999999999998,7928.36026555543,11.940985682050016,4.766257957606272,2.271998039300623,102.75440486888897,4.899909730850478,0.0,0.0,11.814359458703011,0.0,0.0,14.796327392920933,5.480096598121202,0.0,11.761884949391115,12.13273413692322,12.13273413692322,18.363977081120975,10.937324304665736,14.796327392920933,29.263630682777688,0.0,5.480096598121202,0.0,16.56624312842596,11.947581713527669,24.26546827384644,0.0,0.0,10.38000632897168,5.687386274683562,0.0,11.761884949391115,29.319222496139666,9.589074368143644,0.0,6.4208216229260096,29.160951749364212,0.0,0.0,0.0,69.64,11.15711775933368,9.589074368143644,0.0,12.328001352277514,0.0,10.582869750201336,11.761884949391115,17.42767831164887,24.26546827384644,0.0,5.20725302477729,0.0,1.3493981481481478,25.588053036029223,7.994929925673973,2.3987559838750316,-0.6796934051398331,7.525727513227513,-0.029092970521541917,0.0,1.6852551020408162,0.2727272727272727,17.0,2.0,5.0,0.0,1.0,1.0,1.0,0.0,1.0,4.0,2.0,6.0,2.0,0.0,0.0,0.0,2.0,1.0192,64.04320000000003,0.0,0.0,0.0,0.0,0.0,0.0,0.0,0.0,0.0,0.0,2.0,2.0,0.0,0.0,0.0,1.0,1.0,0.0,1.0,0.0,0.0,0.0,0.0,0.0,0.0,0.0,0.0,2.0,0.0,1.0,0.0,0.0,0.0,0.0,1.0,0.0,1.0,0.0,0.0,0.0,0.0,0.0,0.0,0.0,0.0,0.0,0.0,0.0,0.0,0.0,0.0,0.0,0.0,0.0,0.0,0.0,0.0,0.0,0.0,0.0,0.0,0.0,0.0,0.0,1.0,0.0,0.0,0.0,0.0,0.0,0.0,0.0,0.0,0.0,0.0,1.0,0.0,0.0,0.0,0.0,0.0,0.0,0.0,0.0,0.0
CHEMBL33924,12.85681146069539,-0.520511568825061,12.85681146069539,0.00446334089191236,0.655953803394847,334.4410000000001,312.265,334.135113564,124.0,0.0,0.24449300361579407,-0.3100314460498974,0.3100314460498974,0.24449300361579407,1.2608695652173914,2.0,2.739130434782609,1.8187148419223333,586.9561411366516,16.233840039752504,13.033021145835097,13.849517726762823,11.185871848001629,8.187694811591252,9.067347622846146,6.266200509030872,7.510764768782683,4.627755224838533,5.87972886886246,3.435250931869038,4.660657182658874,-1.5299999999999998,220674.16603337208,16.332081955061795,7.360124631402666,3.695492737800076,139.9382264017394,4.899909730850478,0.0,0.0,11.814359458703011,0.0,0.0,14.796327392920933,5.480096598121202,0.0,11.761884949391115,31.39519900570125,30.892283428936633,17.86106150435636,10.937324304665736,14.796327392920933,29.263630682777688,0.0,5.480096598121202,5.917906046161393,48.67035124305602,11.444666136763054,24.26546827384644,0.0,0.0,10.38000632897168,5.687386274683562,0.0,11.761884949391115,28.81630691937505,9.589074368143644,5.917906046161393,38.524929737556064,29.160951749364212,0.0,0.0,0.0,69.64,11.15711775933368,9.589074368143644,0.0,12.328001352277514,5.917906046161393,17.127626156113912,43.86599306402117,5.480096598121202,29.16537800469692,0.0,5.20725302477729,0.0,1.4114243722180229,27.230667760370142,8.268569612673147,2.582527895034659,-0.007504225455614577,7.861556673595364,6.089612361677657,0.729812216553288,0.0,0.5294117647058824,23.0,2.0,5.0,1.0,1.0,2.0,1.0,0.0,1.0,4.0,2.0,6.0,4.0,1.0,0.0,1.0,3.0,2.9697000000000005,89.56120000000006,0.0,0.0,0.0,0.0,0.0,0.0,0.0,0.0,0.0,0.0,2.0,2.0,0.0,0.0,0.0,1.0,1.0,0.0,1.0,0.0,0.0,0.0,0.0,0.0,0.0,0.0,0.0,2.0,0.0,1.0,0.0,0.0,0.0,0.0,1.0,0.0,1.0,0.0,0.0,0.0,0.0,0.0,0.0,0.0,0.0,0.0,0.0,0.0,0.0,0.0,0.0,0.0,0.0,0.0,0.0,0.0,0.0,0.0,0.0,0.0,0.0,0.0,0.0,0.0,1.0,0.0,0.0,0.0,0.0,0.0,0.0,0.0,0.0,0.0,0.0,1.0,0.0,0.0,0.0,0.0,0.0,0.0,0.0,0.0,0.0
CHEMBL417683,12.775420603426557,-0.7224997375493409,12.775420603426557,0.18780341747197804,0.5406633455346771,372.40600000000006,356.2780000000001,372.089225992,134.0,0.0,0.2450911161713972,-0.30913672707248585,0.30913672707248585,0.2450911161713972,1.1538461538461537,1.9230769230769231,2.6538461538461537,1.7989621144901977,830.5224046803022,18.518297090128677,13.584999933435057,14.401496514362783,12.579718698118981,7.7911082981168205,8.670761109371714,5.500858597206318,6.745422856958128,3.696339997935184,4.94831364195911,2.544787609068525,3.7701938598583613,-2.9099999999999997,845050.8232092836,17.89839309295623,7.979618690886545,4.007034087796283,153.10747345394793,10.216698334856808,12.362619183747604,0.0,17.721539188054518,0.0,0.0,19.590864576992757,10.464075119068411,0.0,11.761884949391115,18.19910120538483,24.26546827384644,17.51314867005686,10.937324304665736,19.590864576992757,40.988673189964224,0.0,10.464075119068411,0.0,16.56624312842596,16.761454740769384,48.661413050844345,0.0,0.0,15.69679493297801,11.50524905251859,0.0,11.761884949391115,39.70746516967376,14.383611552215466,0.0,6.4208216229260096,53.556896526362124,0.0,0.0,0.0,111.63000000000001,17.064297488685185,14.383611552215466,0.0,18.87275775819009,11.50524905251859,4.895483475517775,22.14189127836279,36.52867891392113,12.13273413692322,10.30076712495354,5.20725302477729,0.0,1.236412676245378,42.75291087211188,10.632461253507811,2.1450050913874934,-1.0356215707893188,12.274730901661506,1.364909307621283,-0.20414186507936516,0.0,0.17647058823529413,26.0,3.0,8.0,0.0,1.0,1.0,1.0,1.0,2.0,6.0,3.0,9.0,5.0,0.0,0.0,0.0,3.0,1.4231,95.85290000000003,0.0,0.0,0.0,0.0,0.0,1.0,0.0,0.0,0.0,0.0,3.0,3.0,0.0,0.0,0.0,2.0,2.0,0.0,1.0,0.0,0.0,0.0,0.0,0.0,0.0,0.0,0.0,3.0,0.0,2.0,0.0,0.0,0.0,0.0,1.0,0.0,1.0,0.0,0.0,0.0,0.0,0.0,0.0,0.0,0.0,0.0,0.0,0.0,0.0,0.0,0.0,0.0,0.0,0.0,0.0,0.0,0.0,0.0,0.0,0.0,0.0,0.0,0.0,0.0,1.0,0.0,0.0,0.0,0.0,0.0,0.0,0.0,0.0,1.0,0.0,1.0,0.0,0.0,0.0,0.0,0.0,0.0,0.0,0.0,0.0
CHEMBL308333,12.933910103795114,-0.6985991696061145,12.933910103795114,0.08252414899268024,0.24206382015708283,385.5050000000002,350.22500000000014,385.25767122,156.0,0.0,0.24524154542924856,-0.3942350229007698,0.3942350229007698,0.24524154542924856,1.2222222222222223,1.9259259259259258,2.4814814814814814,2.822961432357522,497.73679426646754,20.39697674656903,16.7397477653289,16.7397477653289,12.848972970349209,9.99795306210889,9.99795306210889,7.672343590796502,7.672343590796502,5.184869227606129,5.184869227606129,3.5149999780261054,3.5149999780261054,-1.67,775088.3656268687,23.36947887879984,11.920678059705159,7.102132076634809,161.18900827486007,15.323225729697514,6.041840829147961,0.0,17.721539188054518,0.0,0.0,19.590864576992754,5.480096598121202,0.0,0.0,40.0336764678499,25.180370914939424,18.883484074999977,12.648722793660879,24.69739197183346,17.721539188054518,0.0,15.696794932978012,11.835812092322787,77.80064461784985,13.151638370425493,0.0,0.0,0.0,10.796885202127534,0.0,0.0,0.0,58.1705493672444,14.383611552215466,11.835812092322787,65.71696295955394,0.0,0.0,0.0,0.0,118.97,17.86692660466086,19.490138947056174,0.0,36.801809921451294,12.965578028838586,32.10410811463005,0.0,10.38000632897168,13.847474399381248,12.240525803696954,5.20725302477729,0.0,0.0,38.925224530660145,21.0736009953856,1.5758552113070512,-1.857781865717924,-0.8965900230488082,4.742993539088521,6.270030945658756,0.0,0.8421052631578947,27.0,4.0,8.0,0.0,1.0,1.0,0.0,0.0,0.0,5.0,4.0,8.0,11.0,0.0,1.0,1.0,1.0,1.2025000000000012,100.76770000000005,0.0,1.0,1.0,0.0,0.0,0.0,0.0,0.0,0.0,0.0,3.0,3.0,0.0,0.0,0.0,1.0,2.0,0.0,1.0,0.0,1.0,0.0,0.0,0.0,0.0,0.0,0.0,3.0,0.0,0.0,0.0,0.0,0.0,0.0,0.0,0.0,0.0,0.0,0.0,0.0,0.0,0.0,0.0,0.0,0.0,0.0,0.0,0.0,0.0,0.0,0.0,0.0,0.0,0.0,0.0,0.0,0.0,0.0,0.0,0.0,0.0,0.0,0.0,0.0,0.0,0.0,0.0,0.0,0.0,0.0,0.0,0.0,0.0,0.0,0.0,0.0,0.0,0.0,0.0,0.0,0.0,0.0,0.0,1.0,0.0
CHEMBL36605,12.804370118417738,-0.5525550959849304,12.804370118417738,0.04546501007810533,0.6473158277615821,342.42,324.276,342.103813436,124.0,0.0,0.24449300361615686,-0.30997593705897286,0.30997593705897286,0.24449300361615686,1.125,1.8333333333333333,2.5833333333333335,1.8164375992973483,736.0535489105697,16.940946820939054,13.01399509784741,13.830491678775136,11.685871848001629,7.7271869333158945,8.606839744570788,5.538795835845397,6.783360095597208,3.9291472711619972,5.181120915185928,2.7352423608464003,3.9606486116362376,-2.3099999999999996,364098.195150168,16.54437677215604,7.506233702005765,3.603298405226152,144.17644118934962,4.899909730850478,0.0,0.0,11.814359458703011,0.0,0.0,14.796327392920933,5.480096598121202,0.0,11.761884949391115,42.46456947923127,24.117007251546227,17.86106150435636,10.937324304665736,14.796327392920933,29.263630682777688,0.0,5.480096598121202,0.0,22.98706475135197,11.444666136763054,60.160755107851486,0.0,0.0,10.38000632897168,5.687386274683562,0.0,11.761884949391115,28.81630691937505,16.00989599106965,0.0,11.984273114623004,59.49278709167226,0.0,0.0,0.0,69.64,11.15711775933368,9.589074368143644,0.0,12.328001352277514,6.544756405912575,22.56714286482434,11.761884949391115,10.38000632897168,54.59730361615449,0.0,5.20725302477729,0.0,1.3710685416141764,27.000031485619957,8.206020615363112,3.643267244786906,-0.6514151677914306,17.682681349442294,0.6951077884857645,0.5532381424792139,0.0,0.2222222222222222,24.0,2.0,5.0,0.0,1.0,1.0,2.0,0.0,2.0,4.0,2.0,6.0,5.0,0.0,0.0,0.0,3.0,2.6320999999999994,93.13220000000005,0.0,0.0,0.0,0.0,0.0,0.0,0.0,0.0,0.0,0.0,2.0,2.0,0.0,0.0,0.0,1.0,1.0,0.0,1.0,0.0,0.0,0.0,0.0,0.0,0.0,0.0,0.0,2.0,0.0,1.0,0.0,0.0,0.0,0.0,2.0,0.0,1.0,0.0,0.0,0.0,0.0,0.0,0.0,0.0,0.0,0.0,0.0,0.0,0.0,0.0,0.0,0.0,0.0,0.0,0.0,0.0,0.0,0.0,0.0,0.0,0.0,0.0,0.0,0.0,1.0,0.0,0.0,0.0,0.0,0.0,0.0,0.0,0.0,0.0,0.0,1.0,0.0,0.0,0.0,0.0,0.0,0.0,0.0,0.0,0.0
CHEMBL34597,11.655672713529857,-0.41810185185185245,11.655672713529857,0.08465702947845788,0.39663041758043527,237.28400000000002,226.19599999999997,237.057197592,84.0,0.0,0.23792627970916547,-0.3240835532754789,0.3240835532754789,0.23792627970916547,1.5,2.25,3.0,2.1489866294342783,435.82724796837493,11.543605595440512,8.395953267715893,9.212449848643619,7.702708600407233,4.7645769155277,5.644229726782594,3.3635413076436187,4.608105567395432,2.23836769294841,3.5135581915295875,1.454358430601996,2.5647296618424873,-1.53,5103.9361084951,10.970415968684724,4.543980027373256,2.174082250630764,96.74124573347073,5.316788604006331,0.0,0.0,11.814359458703011,0.0,0.0,15.01486576525403,5.842670270266239,0.0,11.761884949391115,12.13273413692322,12.13273413692322,11.316305098443785,10.937324304665736,9.589074368143644,29.263630682777688,0.0,5.425791397110385,5.842670270266239,16.56624312842596,5.316788604006331,24.26546827384644,0.0,0.0,16.585250271382954,5.687386274683562,0.0,11.761884949391115,17.064297488685185,9.589074368143644,0.0,6.4208216229260096,29.160951749364212,0.0,0.0,0.0,84.22,5.249938029982174,9.589074368143644,0.0,18.23518108162902,0.0,10.582869750201336,11.761884949391115,0.0,29.691259670956825,5.316788604006331,5.842670270266239,0.0,1.38037037037037,23.733166414714034,2.340730347694633,2.817950050390527,4.488154446963971,7.48830467372134,0.08465702947845788,0.0,0.0,0.2,16.0,4.0,5.0,0.0,1.0,1.0,1.0,0.0,1.0,4.0,3.0,6.0,2.0,0.0,0.0,0.0,2.0,0.4793999999999999,61.66380000000001,0.0,0.0,0.0,0.0,0.0,0.0,0.0,0.0,0.0,0.0,2.0,2.0,0.0,0.0,0.0,0.0,2.0,1.0,0.0,0.0,0.0,0.0,0.0,0.0,0.0,0.0,0.0,2.0,0.0,1.0,0.0,0.0,0.0,0.0,1.0,0.0,1.0,0.0,0.0,0.0,0.0,0.0,0.0,0.0,0.0,1.0,0.0,0.0,0.0,0.0,0.0,0.0,0.0,0.0,0.0,0.0,0.0,0.0,0.0,0.0,0.0,0.0,0.0,0.0,1.0,0.0,0.0,0.0,0.0,0.0,0.0,0.0,0.0,0.0,0.0,1.0,0.0,0.0,0.0,0.0,0.0,0.0,0.0,0.0,0.0
CHEMBL285949,11.710850340136055,-0.5757837301587301,11.710850340136055,0.0617318594104308,0.5735948085629132,317.164,308.09200000000004,315.951725248,90.0,0.0,0.2444928701867881,-0.32404655598463655,0.32404655598463655,0.2444928701867881,1.588235294117647,2.3529411764705883,3.0588235294117645,2.2257549784091073,480.6188564829631,12.41384908344359,8.566430797845827,10.968923917888256,8.113392202930193,4.805157481854146,6.477808562666392,3.451368055279837,5.518691099042587,2.2728887245621485,4.53696023728382,1.4844477436500318,3.242866950119013,-1.05,7432.2044326170935,12.408053793475519,5.07199214612907,2.6173356630763567,110.04703887353843,5.316788604006331,0.0,0.0,11.814359458703011,0.0,0.0,14.796327392920933,5.480096598121202,0.0,11.761884949391115,6.06636706846161,28.06267803487257,15.789024614276197,10.937324304665736,14.796327392920933,45.19357458072704,0.0,5.480096598121202,0.0,16.56624312842596,5.316788604006331,22.671820721217244,0.0,0.0,10.796885202127534,5.687386274683562,0.0,27.691828847340464,22.271550513462476,9.589074368143644,0.0,6.4208216229260096,27.567304196735016,0.0,0.0,0.0,78.43,11.15711775933368,9.589074368143644,0.0,12.328001352277514,0.0,15.05558926603375,17.241981547512317,6.06636706846161,12.13273413692322,21.24673250195568,5.20725302477729,0.8698209561602419,4.695204396573444,23.65869964884102,10.646684618291761,2.258925225182666,-0.8080059523809522,5.490402966742252,-0.0617318594104308,0.0,0.0,0.2,17.0,3.0,5.0,0.0,1.0,1.0,1.0,0.0,1.0,4.0,3.0,7.0,2.0,0.0,0.0,0.0,2.0,1.7573999999999996,66.9629,0.0,0.0,0.0,0.0,0.0,0.0,0.0,0.0,0.0,0.0,2.0,2.0,0.0,0.0,0.0,0.0,2.0,0.0,1.0,0.0,0.0,0.0,0.0,0.0,0.0,0.0,0.0,2.0,0.0,1.0,0.0,0.0,0.0,0.0,1.0,0.0,1.0,0.0,0.0,0.0,0.0,0.0,0.0,0.0,1.0,0.0,0.0,0.0,0.0,0.0,0.0,0.0,0.0,0.0,0.0,0.0,0.0,0.0,0.0,0.0,0.0,0.0,0.0,0.0,0.0,0.0,0.0,0.0,0.0,0.0,0.0,0.0,0.0,0.0,0.0,1.0,0.0,0.0,0.0,0.0,0.0,0.0,0.0,0.0,0.0
CHEMBL34553,13.735301179946951,-0.8465223712941972,13.735301179946951,0.2867281870533136,0.521946172721485,407.3980000000001,392.2780000000001,407.0751334,146.0,0.0,0.24449300547378894,-0.32193873456280914,0.32193873456280914,0.24449300547378894,1.1428571428571428,1.8928571428571428,2.642857142857143,1.81865516674253,940.7967721245694,20.258784066134833,14.316365014763926,15.132861595691653,13.384249150759294,8.13662582074668,9.016278632001573,5.910048919456281,7.1546131792080905,3.9664533834774236,5.218427027501346,2.7087349104182237,3.93414116120806,-2.9799999999999995,1751068.6181562797,19.77254725369973,8.360054555471164,4.2880420941603505,162.2188962788539,10.216698334856808,18.179198088004366,0.0,17.721539188054518,0.0,0.0,19.590864576992757,14.260926693470841,0.0,11.761884949391115,12.13273413692322,24.26546827384644,17.382672166905394,16.624710579349298,28.371694672342397,40.858196686812754,0.0,5.480096598121202,0.0,16.56624312842596,16.761454740769384,54.09901116132306,0.0,0.0,15.69679493297801,20.155602644716765,0.0,11.761884949391115,34.723486648726556,14.383611552215466,11.63444168209179,6.4208216229260096,47.360052954749044,0.0,0.0,0.0,98.74000000000001,41.15067530604106,23.164441647565106,0.0,12.10820789760957,10.582869750201336,29.960986154775945,10.38000632897168,24.26546827384644,0.0,5.316788604006331,5.20725302477729,27.013420782072686,1.1435760609340153,38.46112806331372,10.102863345932185,1.6033597740789516,-3.514550304994027,9.431688354982594,-0.2867281870533136,-0.4547578892668178,0.0,0.16666666666666666,28.0,3.0,7.0,0.0,1.0,1.0,2.0,0.0,2.0,5.0,3.0,10.0,5.0,0.0,0.0,0.0,3.0,2.3063000000000002,97.97390000000004,0.0,0.0,0.0,0.0,0.0,0.0,0.0,0.0,0.0,0.0,3.0,3.0,0.0,0.0,0.0,1.0,2.0,0.0,1.0,0.0,0.0,0.0,0.0,0.0,0.0,0.0,0.0,3.0,0.0,2.0,0.0,0.0,0.0,0.0,2.0,0.0,1.0,0.0,0.0,0.0,0.0,0.0,0.0,0.0,2.0,0.0,0.0,0.0,0.0,0.0,0.0,0.0,0.0,0.0,0.0,0.0,0.0,0.0,0.0,0.0,0.0,0.0,0.0,0.0,1.0,0.0,0.0,0.0,0.0,0.0,0.0,0.0,0.0,0.0,0.0,1.0,0.0,0.0,0.0,0.0,0.0,0.0,0.0,0.0,0.0
CHEMBL35042,12.855835380448475,-0.5208688522342928,12.855835380448475,0.005691609977324319,0.6322613081421748,348.46800000000013,324.276,348.150763628,130.0,0.0,0.24449300360961154,-0.3102998258877064,0.3102998258877064,0.24449300360961154,1.25,2.0,2.75,1.7371646438067003,601.68159874737,16.940946820939054,13.740127927021645,14.55662450794937,11.685871848001629,8.687694811591252,9.567347622846144,6.595908255540608,7.8404725152924195,4.947936682343739,6.199910326367666,3.637150710937403,4.86255696172724,-1.5299999999999998,364098.195150168,17.298132627476928,8.030753673607165,3.923877917206825,146.303168516136,4.899909730850478,0.0,0.0,11.814359458703011,0.0,0.0,14.796327392920933,5.480096598121202,0.0,11.761884949391115,44.23684225155327,24.471461806010623,17.86106150435636,10.937324304665736,14.796327392920933,29.263630682777688,0.0,5.480096598121202,5.917906046161393,55.09117286598203,11.444666136763054,24.26546827384644,0.0,0.0,10.38000632897168,5.687386274683562,0.0,11.761884949391115,28.81630691937505,9.589074368143644,5.917906046161393,44.94575136048208,29.160951749364212,0.0,0.0,0.0,69.64,11.15711775933368,9.589074368143644,0.0,12.328001352277514,12.462662452073968,17.003691373127346,43.86599306402117,5.480096598121202,29.16537800469692,0.0,5.20725302477729,0.0,1.4108419417149574,27.227629113794787,8.278986697863203,2.580433430322951,0.15097530981324214,7.859619602279235,7.451516502473151,0.7066640684051398,0.0,0.5555555555555556,24.0,2.0,5.0,1.0,1.0,2.0,1.0,0.0,1.0,4.0,2.0,6.0,5.0,1.0,0.0,1.0,3.0,3.359800000000001,94.17820000000006,0.0,0.0,0.0,0.0,0.0,0.0,0.0,0.0,0.0,0.0,2.0,2.0,0.0,0.0,0.0,1.0,1.0,0.0,1.0,0.0,0.0,0.0,0.0,0.0,0.0,0.0,0.0,2.0,0.0,1.0,0.0,0.0,0.0,0.0,1.0,0.0,1.0,0.0,0.0,0.0,0.0,0.0,0.0,0.0,0.0,0.0,0.0,0.0,0.0,0.0,0.0,0.0,0.0,0.0,0.0,0.0,0.0,0.0,0.0,0.0,0.0,0.0,0.0,0.0,1.0,0.0,0.0,0.0,0.0,0.0,0.0,0.0,0.0,0.0,0.0,1.0,0.0,0.0,0.0,0.0,0.0,0.0,0.0,0.0,0.0
CHEMBL286560,12.567217498110356,-0.5054601284958424,12.567217498110356,0.0007407407407407085,0.6454408480131574,274.31999999999994,256.176,274.131742436,106.0,0.0,0.2436439123448268,-0.31161420538614587,0.31161420538614587,0.2436439123448268,1.35,2.1,2.8,1.8622932448355918,539.6750929016223,14.11251969619286,11.210559292998138,11.210559292998138,9.685871848001627,7.0096700870209405,7.0096700870209405,5.661082472962388,5.661082472962388,4.058187937086953,4.058187937086953,2.8144922134336383,2.8144922134336383,-1.88,80659.41543943166,13.119272753143168,5.246275510204083,2.536079338566344,117.08523214758094,4.899909730850478,0.0,0.0,11.814359458703011,0.0,0.0,14.796327392920933,5.480096598121202,0.0,0.0,18.19910120538483,36.81018947509803,18.652964303522147,5.917906046161393,14.796327392920933,17.501745733386574,0.0,5.480096598121202,11.835812092322787,25.683286491704038,11.444666136763054,29.828919765543436,0.0,0.0,10.38000632897168,5.687386274683562,0.0,0.0,23.566368889392876,16.00989599106965,11.835812092322787,24.825916360475023,24.26546827384644,0.0,0.0,0.0,69.64,5.907179729351506,9.589074368143644,0.0,18.24590739843891,12.338727669087403,17.795594172293132,12.841643245852019,5.480096598121202,29.16537800469692,0.0,5.20725302477729,0.0,0.0,25.739369960947343,8.643827816620476,3.692426697530865,-0.29025229381876216,7.864431689342403,2.940383912824389,0.7431455498866213,0.0,0.4666666666666667,20.0,2.0,5.0,1.0,1.0,2.0,1.0,0.0,1.0,3.0,2.0,5.0,4.0,1.0,0.0,1.0,3.0,1.4973999999999998,73.25920000000004,0.0,0.0,0.0,0.0,0.0,0.0,0.0,0.0,0.0,0.0,2.0,2.0,0.0,0.0,0.0,1.0,1.0,0.0,1.0,0.0,0.0,0.0,0.0,0.0,0.0,0.0,0.0,2.0,0.0,1.0,0.0,0.0,0.0,0.0,1.0,0.0,1.0,0.0,0.0,0.0,0.0,0.0,0.0,0.0,0.0,0.0,0.0,0.0,0.0,0.0,0.0,0.0,0.0,0.0,0.0,0.0,0.0,0.0,0.0,0.0,0.0,0.0,0.0,0.0,1.0,0.0,0.0,0.0,0.0,0.0,0.0,0.0,0.0,0.0,0.0,0.0,0.0,0.0,0.0,0.0,0.0,0.0,0.0,0.0,0.0
CHEMBL287061,12.221939720332578,-0.6292592592592596,12.221939720332578,0.06185445011337887,0.48644770757073325,277.305,266.217,277.05211221200005,98.0,0.0,0.24449300852186684,-0.2964861987635496,0.2964861987635496,0.24449300852186684,1.5263157894736843,2.263157894736842,2.9473684210526314,2.311845642366317,555.3957443317928,13.828062645816686,9.86735056621269,10.683847147140416,9.168233757796585,5.5401101285429135,6.419762939797808,3.895818244458767,5.14038250421058,2.691061838991801,3.943035483015728,1.8528186914923146,3.078224942282153,-2.039999999999999,21775.74083004658,13.393033566301753,5.733329635108482,2.696921841118423,113.5119266647543,0.0,6.544756405912575,0.0,11.814359458703011,0.0,0.0,19.69623712377141,5.480096598121202,5.261891554738487,11.761884949391115,12.13273413692322,12.13273413692322,11.316305098443785,17.00654561745801,14.796327392920933,29.263630682777688,5.261891554738487,5.480096598121202,0.0,16.56624312842596,11.444666136763054,24.26546827384644,0.0,6.069221312792274,10.38000632897168,5.687386274683562,0.0,11.761884949391115,28.81630691937505,9.589074368143644,11.33111286753076,6.4208216229260096,29.160951749364212,0.0,0.0,0.0,93.43,11.15711775933368,9.589074368143644,0.0,18.87275775819009,5.687386274683562,4.895483475517775,22.141891278362795,12.13273413692322,18.201955449715495,0.0,10.469144579515778,0.0,1.2658456160241873,25.616933815192745,16.707114591206853,2.195889077853364,-0.9203807634164769,9.15849292957924,-0.12870748299319712,-0.06185445011337887,0.0,0.25,19.0,2.0,6.0,0.0,1.0,1.0,1.0,0.0,1.0,5.0,2.0,7.0,3.0,0.0,0.0,0.0,2.0,0.9129799999999998,68.59920000000002,0.0,0.0,0.0,0.0,0.0,0.0,0.0,0.0,0.0,0.0,2.0,2.0,0.0,0.0,0.0,2.0,1.0,0.0,1.0,0.0,0.0,0.0,0.0,0.0,0.0,0.0,0.0,2.0,0.0,1.0,0.0,0.0,0.0,0.0,1.0,0.0,1.0,0.0,0.0,0.0,0.0,0.0,0.0,0.0,0.0,0.0,0.0,0.0,0.0,0.0,0.0,0.0,0.0,0.0,0.0,0.0,0.0,1.0,0.0,0.0,0.0,0.0,0.0,0.0,1.0,0.0,0.0,0.0,0.0,0.0,0.0,0.0,0.0,0.0,0.0,1.0,0.0,0.0,0.0,0.0,0.0,0.0,0.0,0.0,0.0
CHEMBL36126,11.734081632653062,-0.48722222222222267,11.734081632653062,0.013722600151171438,0.6152705358537555,252.29500000000002,240.19899999999996,252.056863244,90.0,0.0,0.24234516249239008,-0.3240348064253825,0.3240348064253825,0.24234516249239008,1.5294117647058822,2.235294117647059,2.9411764705882355,2.1236601098799737,463.78469486640546,12.41384908344359,9.213030189526183,10.02952677045391,8.075387400469408,5.11218295410643,5.991835765361325,3.6930307208844937,4.937594980636306,2.4088371210043835,3.6664321514188805,1.4984869820632571,2.589888030059757,-1.53,7250.766368991906,11.940985682050016,4.766257957606272,2.5908434175121187,102.75440486888897,5.316788604006331,5.249938029982174,0.0,11.814359458703011,0.0,0.0,14.796327392920933,5.063217724965349,0.0,11.761884949391115,12.13273413692322,12.13273413692322,11.819220675208399,12.232142680596137,14.796327392920933,29.263630682777688,0.0,5.063217724965349,0.0,17.069158705190574,11.861545009918906,24.26546827384644,0.0,0.0,5.316788604006331,5.687386274683562,0.0,11.761884949391115,33.8795246443404,9.589074368143644,0.0,6.923737199690624,29.160951749364212,0.0,0.0,0.0,69.64000000000001,11.15711775933368,14.796327392920933,0.0,12.45193613526408,5.063217724965349,10.582869750201336,18.685622149081738,0.0,24.26546827384644,5.316788604006331,0.0,0.0,1.3449074074074072,23.577641880826405,12.153790312421265,0.7695044406651552,-0.6747605400184757,7.426622942386832,0.0,1.2356268896447469,0.0,0.2727272727272727,17.0,2.0,5.0,0.0,1.0,1.0,1.0,0.0,1.0,4.0,2.0,6.0,2.0,0.0,0.0,0.0,2.0,1.3371,63.89020000000002,0.0,0.0,0.0,0.0,0.0,0.0,0.0,0.0,0.0,0.0,2.0,2.0,0.0,0.0,0.0,1.0,1.0,0.0,2.0,0.0,0.0,0.0,0.0,0.0,0.0,0.0,0.0,2.0,0.0,1.0,0.0,0.0,0.0,0.0,1.0,0.0,1.0,0.0,0.0,0.0,0.0,0.0,0.0,0.0,0.0,0.0,0.0,0.0,0.0,0.0,0.0,0.0,0.0,0.0,0.0,0.0,0.0,0.0,0.0,0.0,0.0,0.0,0.0,0.0,1.0,0.0,0.0,0.0,0.0,0.0,0.0,0.0,0.0,0.0,0.0,1.0,0.0,0.0,0.0,0.0,0.0,0.0,0.0,0.0,0.0
CHEMBL36140,12.595650982615268,-0.5379252750482901,12.595650982615268,0.021316609977324097,0.6473113057799635,308.403,288.24300000000005,308.1194635,114.0,0.0,0.24449300360961151,-0.3103001882813141,0.3103001882813141,0.24449300360961151,1.4285714285714286,2.142857142857143,2.8095238095238093,2.236486655463373,533.4049443690559,15.405412915006313,12.204594021088905,13.021090602016631,10.024075805453153,7.025898769042776,7.905551580297671,5.485719260904072,6.730283520655885,3.3922937896779133,4.64426743370184,2.2369606138762146,3.4623668646660515,-1.5299999999999998,49685.81910365909,15.851269764825574,6.9546899150925015,3.7668867816503733,128.21417332647545,4.899909730850478,0.0,0.0,11.814359458703011,0.0,0.0,14.796327392920933,5.480096598121202,0.0,11.761884949391115,25.980208536304467,24.471461806010623,17.86106150435636,10.937324304665736,14.796327392920933,29.263630682777688,0.0,5.480096598121202,5.917906046161393,36.83453915073322,11.444666136763054,24.26546827384644,0.0,0.0,10.38000632897168,5.687386274683562,0.0,11.761884949391115,28.81630691937505,9.589074368143644,5.917906046161393,26.689117645233267,29.160951749364212,0.0,0.0,0.0,69.64,11.15711775933368,9.589074368143644,0.0,12.328001352277514,12.462662452073968,17.003691373127346,11.761884949391115,10.38000632897168,24.26546827384644,13.847474399381248,5.20725302477729,0.0,1.3836531557067269,26.722685211430253,8.168452799355126,2.509775394725792,-0.10581207482993171,7.724994331065759,0.8850895219198793,4.877828327293064,0.0,0.4666666666666667,21.0,2.0,5.0,0.0,1.0,1.0,1.0,0.0,1.0,4.0,2.0,6.0,5.0,0.0,0.0,0.0,2.0,2.4355,82.44120000000004,0.0,0.0,0.0,0.0,0.0,0.0,0.0,0.0,0.0,0.0,2.0,2.0,0.0,0.0,0.0,1.0,1.0,0.0,1.0,0.0,0.0,0.0,0.0,0.0,0.0,0.0,0.0,2.0,0.0,1.0,0.0,0.0,0.0,0.0,1.0,0.0,1.0,0.0,0.0,0.0,0.0,0.0,0.0,0.0,0.0,0.0,0.0,0.0,0.0,0.0,0.0,0.0,0.0,0.0,0.0,0.0,0.0,0.0,0.0,0.0,0.0,0.0,0.0,0.0,1.0,0.0,0.0,0.0,0.0,0.0,0.0,0.0,0.0,0.0,0.0,1.0,0.0,0.0,0.0,0.0,0.0,0.0,0.0,0.0,0.0
CHEMBL35361,12.693339947089946,-0.6622052154195015,12.693339947089946,0.030604450113378867,0.6486381341063316,336.41300000000007,316.2530000000001,336.11437811999997,124.0,0.0,0.24449300543041708,-0.3028567202687781,0.3028567202687781,0.24449300543041708,1.3043478260869565,1.9565217391304348,2.5652173913043477,2.3212463591851873,639.2125606756777,17.198306133819766,13.328385261176596,14.144881842104322,10.73540067085834,7.270627476024867,8.150280287279763,6.410880696660358,7.65544495641217,3.600474128551955,4.85244777257588,2.1628855018272897,3.3882917526171266,-1.8599999999999994,97893.33732629292,17.49317667238702,6.717974096470452,3.91566434875376,138.7406375409158,4.899909730850478,0.0,5.783244946364939,11.814359458703011,0.0,0.0,19.590864576992757,5.480096598121202,0.0,11.761884949391115,32.903945735995094,12.13273413692322,16.731295567840565,17.482080710578312,19.590864576992757,35.046875629142626,0.0,5.480096598121202,5.41499046939678,37.33745472749783,11.444666136763054,24.26546827384644,0.0,0.0,10.38000632897168,5.687386274683562,0.0,11.761884949391115,34.59955186573999,14.383611552215466,5.41499046939678,27.19203322199788,29.160951749364212,0.0,0.0,0.0,86.71000000000001,16.57210822873046,14.383611552215466,0.0,24.65600270455503,5.687386274683562,4.895483475517775,16.66179468024159,32.317675265654685,18.19910120538483,0.0,5.20725302477729,0.0,1.2726778628117912,38.73691295036532,8.014921669323275,1.6702144746787604,-0.9813501642941116,7.291589781746032,-0.14430295729402864,5.389336382662952,0.0,0.4375,23.0,2.0,6.0,0.0,1.0,1.0,1.0,0.0,1.0,5.0,2.0,7.0,4.0,0.0,0.0,0.0,2.0,2.004599999999999,87.44820000000004,0.0,0.0,0.0,0.0,0.0,0.0,0.0,0.0,0.0,0.0,3.0,3.0,0.0,0.0,0.0,1.0,1.0,0.0,1.0,0.0,0.0,0.0,0.0,0.0,0.0,0.0,0.0,2.0,0.0,1.0,0.0,0.0,0.0,0.0,1.0,0.0,1.0,0.0,0.0,0.0,0.0,0.0,0.0,0.0,0.0,0.0,0.0,0.0,0.0,0.0,0.0,1.0,1.0,0.0,0.0,0.0,0.0,0.0,0.0,0.0,0.0,0.0,0.0,0.0,1.0,0.0,0.0,0.0,0.0,0.0,0.0,0.0,0.0,0.0,0.0,1.0,0.0,0.0,0.0,0.0,0.0,0.0,0.0,0.0,0.0
CHEMBL285938,11.622781557067272,-0.4813888888888893,11.622781557067272,0.019509637188208417,0.4670348953514231,238.26800000000003,228.18799999999996,238.04121318,84.0,0.0,0.23931899424223402,-0.32403480773436044,0.32403480773436044,0.23931899424223402,1.5,2.25,3.0,2.147099959575679,424.2800983436484,11.543605595440512,8.29038045871581,9.106877039643535,7.702708600407233,4.6783531612671965,5.558005972522091,3.319352296988563,4.563916556740376,2.181146900263302,3.4387419306777995,1.4257916676888327,2.528723413017727,-1.53,5103.9361084951,10.970415968684724,4.543980027373256,2.174082250630764,96.38946275449237,5.316788604006331,5.249938029982174,0.0,12.317275035467627,0.0,0.0,14.796327392920933,5.063217724965349,0.0,11.761884949391115,12.13273413692322,12.13273413692322,4.895483475517775,12.232142680596137,14.796327392920933,29.766546259542302,0.0,5.063217724965349,0.0,10.14542150549995,11.861545009918906,24.26546827384644,0.0,0.0,5.316788604006331,5.687386274683562,0.0,11.761884949391115,34.38244022110502,9.589074368143644,0.0,0.0,29.160951749364212,0.0,0.0,0.0,69.64000000000001,5.249938029982174,9.589074368143644,0.0,18.8620314413802,5.063217724965349,10.582869750201336,11.761884949391115,0.0,24.26546827384644,5.316788604006331,5.20725302477729,0.0,1.3362037037037036,22.824996378180902,11.769789934492316,0.7679100529100531,-0.20407407407407363,7.40528832829428,0.2860619803476949,-0.019509637188208417,0.0,0.2,16.0,2.0,5.0,0.0,1.0,1.0,1.0,0.0,1.0,4.0,2.0,6.0,3.0,0.0,0.0,0.0,2.0,0.9469999999999998,59.27320000000002,0.0,0.0,0.0,0.0,0.0,0.0,0.0,0.0,0.0,0.0,2.0,2.0,0.0,0.0,0.0,1.0,1.0,0.0,2.0,0.0,0.0,0.0,0.0,0.0,0.0,0.0,0.0,2.0,0.0,1.0,0.0,0.0,0.0,0.0,1.0,0.0,1.0,0.0,0.0,0.0,0.0,0.0,0.0,0.0,0.0,0.0,0.0,0.0,0.0,0.0,0.0,0.0,0.0,0.0,0.0,0.0,0.0,0.0,0.0,0.0,0.0,0.0,0.0,0.0,1.0,0.0,0.0,0.0,0.0,0.0,0.0,0.0,0.0,0.0,0.0,1.0,0.0,0.0,0.0,0.0,0.0,0.0,0.0,0.0,0.0
CHEMBL286238,12.521245275888134,-0.8201502267573704,12.521245275888134,0.18421012849584262,0.5454052034843909,309.34700000000004,294.2270000000001,309.07832696,112.0,0.0,0.24449300713030475,-0.3678798421519721,0.3678798421519721,0.24449300713030475,1.4761904761904763,2.142857142857143,2.761904761904762,2.393980444896815,592.5340339911156,15.568549621822843,11.275979018369299,12.092475599297025,9.95159616038172,6.263745747541167,7.143398558796062,4.599903998449989,5.844468258201802,3.2014383350995543,4.453411979123481,2.1030925012989634,3.302976120016509,-2.059999999999999,46918.47825439734,15.331143339748435,6.146844081766772,3.006125990520758,124.98570189473867,5.733667477162185,6.041840829147961,0.0,17.721539188054518,0.0,0.0,24.490774307843232,5.480096598121202,0.0,11.761884949391115,12.13273413692322,19.056471336613843,11.316305098443785,10.937324304665736,19.590864576992757,35.17081041212919,0.0,5.480096598121202,5.733667477162185,29.531821157264545,4.899909730850478,24.26546827384644,0.0,0.0,16.113673806133868,5.687386274683562,0.0,11.761884949391115,34.22057107196194,14.383611552215466,0.0,13.344558822616634,29.160951749364212,0.0,0.0,0.0,112.73,23.106138317833146,14.383611552215466,0.0,12.328001352277514,5.687386274683562,4.895483475517775,29.06562847805342,24.26546827384644,0.0,0.0,10.940920501939475,0.0,1.2264049508692365,37.361251259763165,7.888412435962038,7.405829396573445,-1.6704426230368672,6.268216647770219,-0.18421012849584262,1.5378713939279416,0.0,0.3076923076923077,21.0,4.0,7.0,0.0,1.0,1.0,1.0,0.0,1.0,5.0,3.0,8.0,4.0,0.0,0.0,0.0,2.0,0.26320000000000066,76.77560000000003,0.0,0.0,0.0,0.0,0.0,0.0,0.0,0.0,0.0,0.0,3.0,3.0,0.0,0.0,0.0,1.0,1.0,1.0,1.0,0.0,0.0,0.0,0.0,0.0,0.0,0.0,0.0,3.0,0.0,1.0,0.0,0.0,0.0,0.0,1.0,0.0,1.0,0.0,0.0,0.0,0.0,0.0,0.0,0.0,0.0,0.0,0.0,0.0,0.0,0.0,0.0,0.0,0.0,0.0,0.0,0.0,0.0,0.0,0.0,0.0,0.0,0.0,0.0,0.0,1.0,0.0,0.0,0.0,0.0,0.0,0.0,1.0,0.0,0.0,0.0,1.0,0.0,0.0,0.0,0.0,0.0,0.0,0.0,0.0,0.0
CHEMBL36229,12.433424981103553,-0.5676642153775082,12.433424981103553,0.05772179705215419,0.6266948323972961,296.348,280.22,296.08307799199997,108.0,0.0,0.2444930036611057,-0.38283432507796544,0.38283432507796544,0.2444930036611057,1.5,2.25,2.95,2.246269479204537,508.89945261448224,14.535169427003234,11.035492042363142,11.851988623290868,9.668233757796587,6.159873365258337,7.039526176513232,4.295996556018652,5.5405608157704656,2.9812553137641653,4.233228957788093,2.0322364650905276,3.2576427158803654,-1.5699999999999998,35949.57069597235,14.831139103672367,6.735629459180075,3.116212827064199,120.59783432718908,9.636772684650527,0.0,0.0,11.814359458703011,0.0,0.0,14.796327392920933,5.480096598121202,0.0,11.761884949391115,12.13273413692322,12.13273413692322,24.970859045633894,17.544206269178655,19.533190346720982,29.263630682777688,0.0,5.480096598121202,0.0,16.56624312842596,25.161345642553506,24.26546827384644,0.0,0.0,10.38000632897168,5.687386274683562,0.0,11.761884949391115,42.532986425165504,14.325937321943691,0.0,6.4208216229260096,29.160951749364212,0.0,0.0,0.0,78.87,11.15711775933368,9.589074368143644,0.0,12.328001352277514,13.151638370425493,10.582869750201336,11.761884949391115,17.48980387024921,24.26546827384644,0.0,9.94411597857734,5.025468002015621,1.3420396352985637,26.294911107961703,8.067148538440476,2.4006190161249688,-0.7117845857478788,7.542519605064248,-0.05772179705215419,0.8549683484504915,1.5751654627772953,0.38461538461538464,20.0,2.0,6.0,0.0,1.0,1.0,1.0,0.0,1.0,5.0,2.0,7.0,5.0,0.0,0.0,0.0,2.0,1.0358,74.86220000000003,0.0,0.0,0.0,0.0,0.0,0.0,0.0,0.0,0.0,0.0,2.0,2.0,0.0,0.0,0.0,1.0,1.0,0.0,1.0,0.0,0.0,0.0,0.0,0.0,0.0,0.0,0.0,2.0,0.0,1.0,0.0,0.0,0.0,0.0,1.0,0.0,1.0,0.0,0.0,0.0,0.0,1.0,0.0,0.0,0.0,0.0,0.0,0.0,0.0,0.0,0.0,0.0,0.0,0.0,0.0,1.0,0.0,0.0,0.0,0.0,0.0,0.0,0.0,0.0,1.0,0.0,0.0,0.0,0.0,0.0,0.0,0.0,0.0,0.0,0.0,1.0,0.0,0.0,0.0,0.0,0.0,0.0,0.0,0.0,0.0
CHEMBL34538,12.65883597883598,-0.5348504293692777,12.65883597883598,0.018834482867220892,0.6240079879329286,322.43000000000006,300.2540000000001,322.135113564,120.0,0.0,0.2444930036096001,-0.31031028478397027,0.31031028478397027,0.2444930036096001,1.4090909090909092,2.1363636363636362,2.8181818181818183,2.169987744490409,547.9473855480234,16.11251969619286,12.911700802275453,13.72819738320318,10.524075805453153,7.525898769042776,8.40555158029767,5.839272651497346,7.083836911249159,3.625432373044683,4.877406017068608,2.507311545645282,3.732717796435118,-1.5299999999999998,81147.32740984764,16.833935422722405,7.647851925125814,4.01499787001561,134.57911544087202,4.899909730850478,0.0,0.0,11.814359458703011,0.0,0.0,14.796327392920933,5.480096598121202,0.0,11.761884949391115,25.980208536304467,30.89228342893663,17.86106150435636,10.937324304665736,14.796327392920933,29.263630682777688,0.0,5.480096598121202,5.917906046161393,43.255360773659234,11.444666136763054,24.26546827384644,0.0,0.0,10.38000632897168,5.687386274683562,0.0,11.761884949391115,28.81630691937505,9.589074368143644,5.917906046161393,33.10993926815928,29.160951749364212,0.0,0.0,0.0,69.64,11.15711775933368,9.589074368143644,0.0,12.328001352277514,12.462662452073968,23.424512996053355,11.761884949391115,10.38000632897168,24.26546827384644,13.847474399381248,5.20725302477729,0.0,1.3891574021583941,26.844735756217087,8.196541400268401,2.525154579967892,0.003604312337628368,7.75362704186613,1.969465702947846,4.984380470903289,0.0,0.5,22.0,2.0,5.0,0.0,1.0,1.0,1.0,0.0,1.0,4.0,2.0,6.0,6.0,0.0,0.0,0.0,2.0,2.8256000000000006,87.05820000000004,0.0,0.0,0.0,0.0,0.0,0.0,0.0,0.0,0.0,0.0,2.0,2.0,0.0,0.0,0.0,1.0,1.0,0.0,1.0,0.0,0.0,0.0,0.0,0.0,0.0,0.0,0.0,2.0,0.0,1.0,0.0,0.0,0.0,0.0,1.0,0.0,1.0,0.0,0.0,0.0,0.0,0.0,0.0,0.0,0.0,0.0,0.0,0.0,0.0,0.0,0.0,0.0,0.0,0.0,0.0,0.0,0.0,0.0,0.0,0.0,0.0,0.0,0.0,0.0,1.0,0.0,0.0,0.0,0.0,0.0,0.0,0.0,0.0,0.0,0.0,1.0,0.0,0.0,0.0,0.0,0.0,0.0,0.0,0.0,0.0
CHEMBL285547,12.787479686318973,-0.5602849689258422,12.787479686318973,0.05592860292265067,0.6684758729187249,328.39300000000003,312.265,328.088163372,118.0,0.0,0.2444930053685259,-0.3058852453605854,0.3058852453605854,0.2444930053685259,1.1304347826086956,1.826086956521739,2.5652173913043477,1.9147760181677114,720.788235969975,16.233840039752504,12.306888316660862,13.123384897588588,11.185871848001629,7.2271869333158945,8.106839744570788,5.223302921103837,6.467867180855648,3.6457500087856896,4.897723652809621,2.5481020257233524,3.77350827651319,-2.3099999999999996,220674.16603337208,15.580555266035152,6.848884471799575,3.381030374123955,137.81149907495302,4.899909730850478,0.0,0.0,11.814359458703011,0.0,0.0,14.796327392920933,5.480096598121202,0.0,11.761884949391115,42.46456947923127,17.696185628620217,11.316305098443785,17.482080710578312,14.796327392920933,29.263630682777688,0.0,5.480096598121202,0.0,23.110999534338536,4.899909730850478,60.160755107851486,0.0,0.0,10.38000632897168,5.687386274683562,0.0,11.761884949391115,22.271550513462476,16.133830774056218,0.0,11.984273114623004,59.49278709167226,0.0,0.0,0.0,69.64,11.15711775933368,9.589074368143644,0.0,12.328001352277514,6.544756405912575,16.14632124189833,11.761884949391115,10.38000632897168,54.59730361615449,0.0,5.20725302477729,0.0,1.3599591101872845,26.906892041940743,8.173385926927141,3.4732419987686947,-0.6842173196439072,17.373799072633847,-0.05592860292265067,0.45286777210884344,0.0,0.17647058823529413,23.0,2.0,5.0,0.0,1.0,1.0,2.0,0.0,2.0,4.0,2.0,6.0,4.0,0.0,0.0,0.0,3.0,2.5896,88.26520000000005,0.0,0.0,0.0,0.0,0.0,0.0,0.0,0.0,0.0,0.0,2.0,2.0,0.0,0.0,0.0,1.0,1.0,0.0,1.0,0.0,0.0,0.0,0.0,0.0,0.0,0.0,0.0,2.0,0.0,1.0,0.0,0.0,0.0,0.0,2.0,0.0,1.0,0.0,0.0,0.0,0.0,0.0,0.0,0.0,0.0,0.0,0.0,0.0,0.0,0.0,0.0,0.0,0.0,0.0,0.0,0.0,0.0,0.0,0.0,0.0,0.0,0.0,0.0,0.0,1.0,0.0,0.0,0.0,0.0,0.0,0.0,0.0,0.0,0.0,0.0,1.0,0.0,0.0,0.0,0.0,0.0,0.0,0.0,0.0,0.0
CHEMBL399664,12.132034564553923,-1.5680209123747237,12.132034564553923,0.01026079597775209,0.2528970604618518,564.6720000000003,520.3200000000004,564.2934476079998,224.0,0.0,0.33050545154344413,-0.4595143982880766,0.4595143982880766,0.33050545154344413,0.9,1.625,2.4,2.105076943742204,906.165510574848,29.3298518780003,23.0335753059113,23.0335753059113,19.20561635580521,13.887273861824616,13.887273861824616,10.028647325552802,10.028647325552802,6.50495587153585,6.50495587153585,4.207128382877789,4.207128382877789,-2.44,367353683.61746126,33.76477867116613,18.822057518593,12.819398537997152,235.49774352693962,39.743225835603674,30.19911049735815,6.290026729335213,0.0,0.0,5.969305287951849,4.794537184071822,4.794537184071822,0.0,0.0,54.68418096150493,45.448666937246685,18.9176633526859,24.91878112775783,49.332300203747316,11.75255023431679,0.0,0.0,0.0,107.30810162667203,6.606881964512918,60.76020106833881,0.0,0.0,0.0,0.0,0.0,0.0,92.90986061660657,23.79966322954379,0.0,58.29031018309871,60.76020106833881,0.0,0.0,0.0,162.98,55.49001230828979,35.12171134234717,0.0,18.308032957039252,32.10410811463005,12.841643245852019,6.076020106833881,42.53214074783717,19.075777413358384,0.0,14.210588861400147,16.67650004065534,0.0,24.208218272805563,50.02981988493734,0.0,-0.46674204228039207,0.0,12.292233650958217,1.2599701929239349,0.0,0.6,40.0,5.0,10.0,0.0,2.0,2.0,0.0,0.0,0.0,10.0,5.0,10.0,3.0,0.0,1.0,1.0,2.0,1.9485999999999994,147.84399999999994,0.0,5.0,5.0,0.0,0.0,0.0,0.0,0.0,0.0,0.0,2.0,2.0,0.0,0.0,0.0,0.0,0.0,0.0,0.0,0.0,0.0,0.0,0.0,0.0,0.0,0.0,6.0,0.0,0.0,0.0,0.0,0.0,0.0,0.0,0.0,0.0,0.0,0.0,0.0,0.0,1.0,3.0,0.0,0.0,0.0,0.0,0.0,0.0,0.0,0.0,0.0,1.0,1.0,0.0,1.0,0.0,0.0,0.0,0.0,0.0,0.0,0.0,0.0,0.0,0.0,0.0,0.0,0.0,0.0,0.0,0.0,0.0,0.0,0.0,0.0,0.0,0.0,0.0,0.0,0.0,0.0,0.0,0.0,0.0,0.0
CHEMBL399871,12.075283451424811,-1.5657197276010117,12.075283451424811,0.1829699903787274,0.27677306772032284,564.6720000000003,520.3200000000004,564.2934476079998,224.0,0.0,0.33050545154345423,-0.4595143982819939,0.4595143982819939,0.33050545154345423,0.875,1.575,2.35,2.123029167384641,906.165510574848,29.3298518780003,22.89037785614318,22.89037785614318,19.20561635580521,13.734241825153298,13.734241825153298,9.891870825051429,9.891870825051429,6.379172628759864,6.379172628759864,4.099656523382563,4.099656523382563,-2.41,367353683.61746126,33.79462156526768,18.84647657026781,12.839111042091469,235.44085214690762,44.84975323044438,24.41586555099321,6.290026729335213,0.0,0.0,5.969305287951849,0.0,4.794537184071822,0.0,0.0,66.8362211751727,39.02784531432067,12.49684172975989,31.02274751550613,49.6442904145162,5.969305287951849,0.0,0.0,0.0,100.5704247685683,6.606881964512918,72.91224128200658,0.0,0.0,0.0,0.0,0.0,0.0,98.33710945283065,19.005126045471968,0.0,45.448666937246685,72.91224128200658,0.0,0.0,0.0,166.14,61.59397869603809,35.43370155311605,0.0,12.524788010674312,19.26246486877803,12.841643245852019,6.076020106833881,54.68418096150493,19.075777413358384,0.0,14.210588861400147,16.680828214096795,0.0,12.075283451424811,60.178440197010744,0.0,-0.4579548204277295,0.0,13.930517197506708,1.2595524270553438,0.0,0.5666666666666667,40.0,6.0,10.0,0.0,2.0,2.0,0.0,0.0,0.0,10.0,6.0,10.0,3.0,0.0,1.0,1.0,2.0,1.5163999999999995,148.74979999999994,0.0,6.0,6.0,0.0,0.0,0.0,0.0,0.0,0.0,0.0,1.0,1.0,0.0,0.0,0.0,0.0,0.0,0.0,0.0,0.0,0.0,0.0,0.0,0.0,0.0,0.0,7.0,0.0,0.0,0.0,0.0,0.0,0.0,0.0,0.0,0.0,0.0,0.0,0.0,0.0,1.0,3.0,0.0,0.0,0.0,0.0,0.0,0.0,0.0,0.0,0.0,0.0,0.0,0.0,1.0,0.0,0.0,0.0,0.0,0.0,0.0,0.0,0.0,0.0,0.0,0.0,0.0,0.0,0.0,0.0,0.0,0.0,0.0,0.0,0.0,0.0,0.0,0.0,0.0,0.0,0.0,0.0,0.0,0.0,0.0
CHEMBL252148,12.075283451424811,-1.5657197276010117,12.075283451424811,0.1829699903787274,0.27677306772032284,564.6720000000003,520.3200000000004,564.2934476079998,224.0,0.0,0.33050545154345423,-0.4595143982819939,0.4595143982819939,0.33050545154345423,0.875,1.575,2.35,2.123029167384641,906.165510574848,29.3298518780003,22.89037785614318,22.89037785614318,19.20561635580521,13.734241825153298,13.734241825153298,9.891870825051429,9.891870825051429,6.379172628759864,6.379172628759864,4.099656523382563,4.099656523382563,-2.41,367353683.61746126,33.79462156526768,18.84647657026781,12.839111042091469,235.44085214690762,44.84975323044438,24.41586555099321,6.290026729335213,0.0,0.0,5.969305287951849,0.0,4.794537184071822,0.0,0.0,66.8362211751727,39.02784531432067,12.49684172975989,31.02274751550613,49.6442904145162,5.969305287951849,0.0,0.0,0.0,100.5704247685683,6.606881964512918,72.91224128200658,0.0,0.0,0.0,0.0,0.0,0.0,98.33710945283065,19.005126045471968,0.0,45.448666937246685,72.91224128200658,0.0,0.0,0.0,166.14,61.59397869603809,35.43370155311605,0.0,12.524788010674312,19.26246486877803,12.841643245852019,6.076020106833881,54.68418096150493,19.075777413358384,0.0,14.210588861400147,16.680828214096795,0.0,12.075283451424811,60.178440197010744,0.0,-0.4579548204277295,0.0,13.930517197506708,1.2595524270553438,0.0,0.5666666666666667,40.0,6.0,10.0,0.0,2.0,2.0,0.0,0.0,0.0,10.0,6.0,10.0,3.0,0.0,1.0,1.0,2.0,1.5163999999999995,148.74979999999994,0.0,6.0,6.0,0.0,0.0,0.0,0.0,0.0,0.0,0.0,1.0,1.0,0.0,0.0,0.0,0.0,0.0,0.0,0.0,0.0,0.0,0.0,0.0,0.0,0.0,0.0,7.0,0.0,0.0,0.0,0.0,0.0,0.0,0.0,0.0,0.0,0.0,0.0,0.0,0.0,1.0,3.0,0.0,0.0,0.0,0.0,0.0,0.0,0.0,0.0,0.0,0.0,0.0,0.0,1.0,0.0,0.0,0.0,0.0,0.0,0.0,0.0,0.0,0.0,0.0,0.0,0.0,0.0,0.0,0.0,0.0,0.0,0.0,0.0,0.0,0.0,0.0,0.0,0.0,0.0,0.0,0.0,0.0,0.0,0.0
CHEMBL399435,12.2341723403137,-1.566131670155812,12.2341723403137,0.18362999956146409,0.27139260574646307,578.6990000000003,532.3310000000004,578.3090976719999,230.0,0.0,0.3305154129615935,-0.45923060294602935,0.45923060294602935,0.3305154129615935,0.8780487804878049,1.5853658536585367,2.341463414634146,2.1437719483114104,921.8593637315594,30.036958659186848,23.597484637329725,23.597484637329725,19.743621158266,14.272246627614084,14.272246627614084,10.111510365917391,10.111510365917391,6.7154456437940375,6.7154456437940375,4.293306733141312,4.293306733141312,-2.41,632312956.8689768,34.78951918123126,19.663815281321057,13.408541202890559,241.80579426130424,44.84975323044438,30.51983193874151,6.290026729335213,0.0,0.0,5.969305287951849,0.0,4.794537184071822,0.0,0.0,73.75995837486332,38.524929737556064,12.49684172975989,24.91878112775783,49.6442904145162,5.969305287951849,0.0,0.0,0.0,106.99124639149431,6.606881964512918,72.91224128200658,0.0,0.0,0.0,0.0,0.0,0.0,98.33710945283065,19.005126045471968,0.0,51.8694885601727,72.91224128200658,0.0,0.0,0.0,166.14,61.59397869603809,35.43370155311605,0.0,12.524788010674312,19.26246486877803,19.26246486877803,6.076020106833881,54.68418096150493,19.075777413358384,0.0,14.210588861400147,16.855294308830125,0.0,12.2341723403137,60.30348088064825,0.0,-0.4400381537610627,0.0,14.824544762225088,1.3892125284105592,0.0,0.5806451612903226,41.0,6.0,10.0,0.0,2.0,2.0,0.0,0.0,0.0,10.0,6.0,10.0,4.0,0.0,1.0,1.0,2.0,1.9064999999999992,153.36679999999987,0.0,6.0,6.0,0.0,0.0,0.0,0.0,0.0,0.0,0.0,1.0,1.0,0.0,0.0,0.0,0.0,0.0,0.0,0.0,0.0,0.0,0.0,0.0,0.0,0.0,0.0,7.0,0.0,0.0,0.0,0.0,0.0,0.0,0.0,0.0,0.0,0.0,0.0,0.0,0.0,1.0,3.0,0.0,0.0,0.0,0.0,0.0,0.0,0.0,0.0,0.0,0.0,0.0,0.0,1.0,0.0,0.0,0.0,0.0,0.0,0.0,0.0,0.0,0.0,0.0,0.0,0.0,0.0,0.0,0.0,0.0,0.0,0.0,0.0,0.0,0.0,0.0,0.0,0.0,0.0,0.0,0.0,0.0,0.0,0.0
